Camera Details,Rating,Warranty,is_5G,Storage_expandable,RAM_in_GB,ROM_in_GB,Display_type,Display_size_in_inch,Rear_camera_in_MP,Front_camera_in_MP,Battery_capacity_in_mAh,Processor_brand,Total_Ratings,Total_Reviews,product_brand
87,4.4,1.0,1,0,8.0,128.0,2,6.4,50.0,16.0,4500.0,0,35960.0,3810.0,19
26,4.3,1.0,0,0,3.0,32.0,6,6.52,13.0,8.0,6000.0,3,4832.0,304.0,19
100,4.3,1.0,1,0,6.0,128.0,2,6.67,50.0,50.0,5000.0,2,1059.0,79.0,19
131,4.2,1.0,0,0,4.0,64.0,6,6.5,8.0,5.0,5000.0,4,7991.0,421.0,19
1,4.4,1.0,1,0,8.0,128.0,3,6.7,100.0,16.0,5000.0,0,95020.0,7129.0,19
1,4.4,1.0,1,0,8.0,128.0,3,6.7,100.0,16.0,5000.0,0,95020.0,7129.0,19
87,4.4,1.0,1,0,8.0,128.0,2,6.4,50.0,16.0,4500.0,0,35960.0,3810.0,19
7,4.1,1.0,0,0,4.0,128.0,5,6.74,108.0,8.0,5000.0,4,25114.0,1596.0,19
124,4.3,1.0,0,0,8.0,256.0,3,6.57,64.0,32.0,4200.0,3,11248.0,1170.0,19
73,4.3,1.0,0,0,8.0,128.0,3,6.4,50.0,16.0,5000.0,1,12760.0,865.0,19
6,4.3,1.0,1,0,8.0,256.0,3,6.72,108.0,16.0,5000.0,0,72693.0,5468.0,19
115,4.4,1.0,0,0,8.0,128.0,3,6.72,64.0,8.0,5000.0,1,32856.0,1792.0,19
115,4.4,1.0,1,0,6.0,128.0,3,6.72,64.0,8.0,5000.0,0,137612.0,8427.0,19
10,4.4,1.0,1,0,6.0,128.0,3,6.7,108.0,16.0,5000.0,0,35245.0,2931.0,19
47,4.3,1.0,0,0,4.0,128.0,6,6.52,48.0,8.0,6000.0,1,526955.0,38877.0,19
1,4.4,1.0,1,0,8.0,128.0,3,6.7,100.0,16.0,5000.0,0,95020.0,7129.0,19
71,4.4,1.0,0,0,4.0,64.0,6,6.5,50.0,8.0,5000.0,4,139815.0,5844.0,19
124,4.2,1.0,0,0,12.0,256.0,3,6.57,64.0,32.0,4200.0,3,3187.0,346.0,19
73,4.3,1.0,1,0,8.0,256.0,3,6.72,50.0,16.0,5000.0,0,602.0,32.0,19
115,4.3,1.0,0,0,6.0,64.0,3,6.72,64.0,8.0,5000.0,1,19744.0,1214.0,19
125,4.3,1.0,0,0,6.0,128.0,0,6.72,64.0,64.0,5000.0,2,7432.0,389.0,19
70,4.4,1.0,0,0,4.0,64.0,3,6.6,50.0,16.0,5000.0,1,18591.0,1143.0,19
70,4.3,1.0,0,0,6.0,128.0,3,6.6,50.0,16.0,5000.0,1,14392.0,902.0,19
47,4.3,1.0,0,0,4.0,128.0,6,6.52,48.0,8.0,6000.0,1,526955.0,38877.0,19
47,4.3,1.0,0,0,4.0,64.0,6,6.52,48.0,8.0,6000.0,1,526955.0,38877.0,19
47,4.3,1.0,0,0,4.0,128.0,6,6.52,48.0,8.0,6000.0,1,526955.0,38877.0,19
70,4.4,1.0,0,0,4.0,64.0,3,6.6,50.0,16.0,5000.0,1,18591.0,1143.0,19
38,4.4,1.0,1,0,6.0,128.0,3,6.6,48.0,16.0,5000.0,3,29718.0,2346.0,19
87,4.4,1.0,1,0,8.0,256.0,2,6.4,50.0,16.0,4500.0,0,35960.0,3810.0,19
124,4.3,1.0,0,0,8.0,256.0,3,6.57,64.0,32.0,4200.0,3,11248.0,1170.0,19
70,4.4,1.0,0,0,6.0,128.0,3,6.6,50.0,16.0,5000.0,1,70877.0,4842.0,19
87,4.2,1.0,0,0,8.0,128.0,3,6.7,50.0,16.0,5000.0,0,1769.0,227.0,19
87,4.2,1.0,0,0,8.0,256.0,3,6.7,50.0,16.0,5000.0,0,1769.0,227.0,19
124,4.2,1.0,0,0,12.0,256.0,3,6.57,64.0,32.0,4200.0,3,3187.0,346.0,19
50,4.2,1.0,1,0,6.0,128.0,0,6.4,48.0,48.0,5000.0,0,624.0,69.0,19
22,4.4,1.0,0,0,4.0,64.0,6,6.5,13.0,8.0,6000.0,1,53536.0,3009.0,19
122,4.4,1.0,0,0,8.0,128.0,3,6.43,64.0,32.0,4300.0,3,63789.0,6667.0,19
122,4.4,1.0,0,0,8.0,128.0,3,6.43,64.0,32.0,4300.0,3,63789.0,6667.0,19
112,4.4,1.0,1,0,6.0,128.0,3,6.5,64.0,16.0,5000.0,0,78244.0,6172.0,19
60,4.4,1.0,0,0,4.0,128.0,6,6.5,50.0,5.0,5000.0,4,24499.0,881.0,19
87,4.4,1.0,0,0,12.0,256.0,2,6.62,50.0,16.0,5000.0,3,1879.0,229.0,19
105,4.1,1.0,0,0,4.0,64.0,3,6.6,50.0,8.0,5000.0,2,1787.0,81.0,19
51,4.2,1.0,1,0,6.0,128.0,0,6.4,48.0,16.0,5000.0,0,624.0,69.0,19
50,4.2,1.0,1,0,8.0,128.0,0,6.4,48.0,48.0,5000.0,0,318.0,27.0,19
22,4.4,1.0,0,0,4.0,128.0,6,6.5,13.0,8.0,6000.0,1,53536.0,3009.0,19
100,4.1,1.0,0,0,4.0,128.0,0,6.6,50.0,50.0,5000.0,2,1787.0,81.0,19
50,4.2,1.0,1,0,8.0,128.0,0,6.4,48.0,48.0,5000.0,0,318.0,27.0,19
122,4.4,1.0,0,0,8.0,128.0,3,6.43,64.0,32.0,4300.0,3,63789.0,6667.0,19
22,4.4,1.0,0,0,4.0,64.0,6,6.5,13.0,8.0,6000.0,1,53536.0,3009.0,19
122,4.4,1.0,0,0,8.0,128.0,3,6.43,64.0,32.0,4300.0,3,63789.0,6667.0,19
38,4.4,1.0,1,0,6.0,128.0,3,6.6,48.0,16.0,5000.0,3,29718.0,2346.0,19
60,4.4,1.0,0,0,4.0,128.0,6,6.5,50.0,5.0,5000.0,4,24499.0,881.0,19
120,4.4,1.0,0,0,8.0,128.0,3,6.62,64.0,16.0,5000.0,3,18458.0,2460.0,19
120,4.4,1.0,0,0,8.0,128.0,3,6.62,64.0,16.0,5000.0,3,18458.0,2460.0,19
87,4.4,1.0,0,0,12.0,256.0,2,6.62,50.0,16.0,5000.0,3,1879.0,229.0,19
87,4.3,1.0,0,0,8.0,128.0,2,6.62,50.0,16.0,5000.0,3,21592.0,2321.0,19
51,4.2,1.0,1,0,6.0,128.0,0,6.4,48.0,16.0,5000.0,0,624.0,69.0,19
50,4.2,1.0,1,0,8.0,128.0,0,6.4,48.0,48.0,5000.0,0,318.0,27.0,19
26,4.3,1.0,0,0,3.0,32.0,6,6.52,13.0,8.0,6000.0,1,56630.0,3793.0,19
100,4.3,1.0,1,0,6.0,128.0,0,6.72,50.0,50.0,5000.0,2,9143.0,504.0,19
44,4.4,1.0,0,0,4.0,64.0,3,6.5,48.0,16.0,4300.0,1,60908.0,6253.0,19
60,4.4,1.0,0,0,4.0,64.0,6,6.5,50.0,5.0,5000.0,4,24499.0,881.0,19
60,4.4,1.0,0,0,4.0,64.0,6,6.5,50.0,5.0,5000.0,4,24499.0,881.0,19
44,4.4,1.0,0,0,6.0,64.0,3,6.5,48.0,16.0,4300.0,1,88342.0,7673.0,19
1,4.4,1.0,1,0,8.0,256.0,3,6.7,100.0,16.0,5000.0,0,95020.0,7129.0,19
1,4.3,1.0,1,0,12.0,256.0,3,6.7,100.0,16.0,5000.0,0,1932.0,171.0,19
21,4.4,1.0,0,0,3.0,32.0,6,6.52,13.0,5.0,6000.0,1,325768.0,19206.0,19
60,4.4,1.0,0,0,4.0,128.0,6,6.5,50.0,5.0,5000.0,4,24499.0,881.0,19
70,4.3,1.0,0,0,6.0,128.0,3,6.6,50.0,16.0,5000.0,1,14392.0,902.0,19
21,4.4,1.0,0,0,3.0,32.0,6,6.52,13.0,5.0,6000.0,1,325768.0,19206.0,19
23,4.5,1.0,0,0,3.0,32.0,6,6.22,13.0,13.0,4230.0,1,303863.0,26111.0,19
119,4.5,1.0,0,0,6.0,128.0,3,6.4,64.0,32.0,4000.0,3,22578.0,2530.0,19
23,4.5,1.0,0,0,3.0,64.0,6,6.22,13.0,13.0,4230.0,1,455729.0,43210.0,19
120,4.3,1.0,0,0,8.0,128.0,2,6.62,64.0,16.0,5000.0,3,16084.0,1512.0,19
120,4.3,1.0,0,0,6.0,128.0,2,6.62,64.0,16.0,5000.0,3,23376.0,2344.0,19
117,4.3,1.0,0,0,4.0,64.0,6,6.5,64.0,16.0,5000.0,3,313545.0,21759.0,19
60,4.4,1.0,0,0,3.0,32.0,6,6.5,50.0,5.0,5000.0,4,27980.0,1061.0,19
60,4.4,1.0,0,0,4.0,64.0,6,6.5,50.0,5.0,5000.0,4,74305.0,3057.0,19
33,4.4,1.0,1,0,8.0,256.0,3,6.7,200.0,32.0,5000.0,0,58276.0,5263.0,19
33,4.4,1.0,1,0,8.0,256.0,3,6.7,200.0,32.0,5000.0,0,58276.0,5263.0,19
33,4.4,1.0,1,0,8.0,256.0,3,6.7,200.0,32.0,5000.0,0,58276.0,5263.0,19
33,4.4,1.0,1,0,12.0,256.0,3,6.7,200.0,32.0,5000.0,0,19412.0,1786.0,19
71,4.4,1.0,1,0,4.0,64.0,3,6.6,50.0,8.0,5000.0,0,56591.0,2723.0,19
60,4.4,1.0,0,0,3.0,32.0,6,6.5,50.0,5.0,5000.0,4,27980.0,1061.0,19
6,4.3,1.0,1,0,6.0,128.0,3,6.72,108.0,16.0,5000.0,3,44165.0,3037.0,19
6,4.3,1.0,1,0,6.0,128.0,3,6.72,108.0,16.0,5000.0,3,44165.0,3037.0,19
87,4.3,1.0,0,0,12.0,256.0,3,6.7,50.0,16.0,4500.0,0,826.0,90.0,19
6,4.3,1.0,1,0,6.0,128.0,3,6.72,108.0,16.0,5000.0,3,44165.0,3037.0,19
87,4.3,1.0,0,0,12.0,256.0,3,6.7,50.0,16.0,4500.0,0,826.0,90.0,19
60,4.4,1.0,0,0,4.0,64.0,6,6.5,50.0,5.0,5000.0,4,74305.0,3057.0,19
120,4.3,1.0,0,0,8.0,128.0,2,6.62,64.0,16.0,5000.0,3,16084.0,1512.0,19
120,4.3,1.0,0,0,6.0,128.0,2,6.62,64.0,16.0,5000.0,3,23376.0,2344.0,19
120,4.3,1.0,0,0,8.0,256.0,2,6.62,64.0,16.0,5000.0,3,16084.0,1512.0,19
60,4.4,1.0,0,0,4.0,64.0,6,6.5,50.0,5.0,5000.0,4,74305.0,3057.0,19
117,4.4,1.0,0,0,8.0,128.0,3,6.4,64.0,16.0,5000.0,1,97275.0,8359.0,19
42,4.5,1.0,0,0,6.0,64.0,3,6.3,48.0,16.0,4035.0,3,117173.0,11049.0,19
71,4.3,1.0,1,0,6.0,128.0,3,6.6,50.0,8.0,5000.0,0,11400.0,731.0,19
120,4.3,1.0,0,0,6.0,128.0,2,6.62,64.0,16.0,5000.0,3,23376.0,2344.0,19
6,4.3,1.0,1,0,6.0,128.0,3,6.72,108.0,16.0,5000.0,3,44165.0,3037.0,19
110,4.4,1.0,0,0,12.0,256.0,3,6.44,64.0,32.0,4200.0,3,1673.0,187.0,19
117,4.4,1.0,0,0,8.0,128.0,3,6.4,64.0,16.0,5000.0,1,97275.0,8359.0,19
42,4.5,1.0,0,0,6.0,64.0,3,6.3,48.0,16.0,4035.0,3,117173.0,11049.0,19
110,4.4,1.0,0,0,8.0,128.0,3,6.44,64.0,32.0,4200.0,3,8705.0,1228.0,19
42,4.5,1.0,0,0,4.0,64.0,3,6.3,48.0,16.0,4035.0,3,146871.0,13960.0,19
117,4.4,1.0,0,0,6.0,128.0,3,6.4,64.0,16.0,5000.0,1,123152.0,9889.0,19
119,4.2,1.0,1,0,8.0,128.0,3,6.55,64.0,32.0,4500.0,0,13528.0,1698.0,19
119,4.2,1.0,1,0,8.0,128.0,3,6.55,64.0,32.0,4500.0,0,13528.0,1698.0,19
9,4.4,1.0,0,0,8.0,128.0,3,6.4,108.0,16.0,4500.0,3,40817.0,3347.0,19
71,4.3,1.0,1,0,6.0,128.0,3,6.6,50.0,8.0,5000.0,0,11400.0,731.0,19
21,4.4,1.0,0,0,3.0,32.0,6,6.5,13.0,5.0,5000.0,1,72912.0,3891.0,19
6,4.3,1.0,1,0,8.0,128.0,3,6.72,108.0,16.0,5000.0,3,40922.0,2837.0,19
24,4.4,1.0,0,0,2.0,32.0,6,6.5,13.0,5.0,5000.0,1,461213.0,29157.0,19
25,4.4,1.0,0,0,3.0,32.0,6,6.51,13.0,8.0,6000.0,1,131897.0,9433.0,19
21,4.4,1.0,0,0,3.0,32.0,6,6.5,13.0,5.0,5000.0,1,72912.0,3891.0,19
25,4.4,1.0,0,0,3.0,32.0,6,6.51,13.0,8.0,6000.0,1,131897.0,9433.0,19
38,4.4,1.0,1,0,6.0,128.0,3,6.5,48.0,16.0,5000.0,0,86303.0,7333.0,19
38,4.4,1.0,1,0,6.0,128.0,3,6.5,48.0,16.0,5000.0,0,86303.0,7333.0,19
38,4.3,1.0,1,0,4.0,64.0,3,6.5,48.0,16.0,5000.0,0,10411.0,939.0,19
109,4.4,1.0,0,0,8.0,128.0,3,6.57,64.0,16.0,4200.0,3,15859.0,1757.0,19
43,4.5,1.0,0,0,4.0,128.0,6,6.5,48.0,13.0,5000.0,3,300999.0,25114.0,19
24,4.4,1.0,0,0,2.0,32.0,6,6.2,13.0,5.0,4230.0,3,409122.0,42080.0,19
109,4.5,1.0,0,0,8.0,128.0,3,6.6,64.0,16.0,4300.0,2,31295.0,3565.0,19
111,4.6,1.0,0,0,12.0,256.0,3,6.5,64.0,16.0,4000.0,3,7965.0,1198.0,19
111,4.5,1.0,0,0,8.0,128.0,3,6.5,64.0,16.0,4000.0,3,20814.0,3230.0,19
120,4.3,1.0,0,0,12.0,256.0,3,6.43,64.0,16.0,4500.0,0,13403.0,1831.0,19
131,4.4,1.0,0,0,2.0,32.0,6,6.5,8.0,5.0,5000.0,1,302360.0,14028.0,19
131,4.4,1.0,0,0,2.0,32.0,6,6.5,8.0,5.0,5000.0,1,302360.0,14028.0,19
109,4.4,1.0,0,0,6.0,128.0,3,6.6,64.0,16.0,4300.0,2,61232.0,6493.0,19
24,4.4,1.0,0,0,2.0,32.0,6,6.1,13.0,5.0,4000.0,2,917315.0,70655.0,19
24,4.4,1.0,0,0,2.0,32.0,6,6.1,13.0,5.0,4000.0,2,917315.0,70655.0,19
131,4.2,1.0,0,0,2.0,32.0,6,6.5,8.0,5.0,5000.0,4,112633.0,5736.0,13
131,4.1,1.0,0,0,3.0,32.0,6,6.5,8.0,5.0,5000.0,4,73501.0,4190.0,13
131,4.1,1.0,0,0,3.0,32.0,6,6.5,8.0,5.0,5000.0,4,73501.0,4190.0,13
25,4.4,1.0,0,0,4.0,64.0,6,6.51,13.0,8.0,6000.0,1,131440.0,8514.0,19
120,4.3,1.0,1,0,8.0,128.0,3,6.43,64.0,16.0,4310.0,0,25387.0,2387.0,19
22,4.4,1.0,0,0,4.0,64.0,6,6.5,13.0,8.0,6000.0,1,44803.0,2282.0,19
120,4.3,1.0,1,0,6.0,128.0,3,6.43,64.0,16.0,4310.0,0,62112.0,6267.0,19
41,4.5,1.0,0,0,8.0,128.0,3,6.53,48.0,16.0,3765.0,3,43630.0,5178.0,19
41,4.5,1.0,0,0,4.0,128.0,3,6.53,48.0,16.0,3765.0,3,106873.0,13459.0,19
131,4.5,1.0,0,0,2.0,32.0,6,6.5,8.0,5.0,5000.0,4,76776.0,8834.0,13
41,4.5,1.0,0,0,8.0,128.0,3,6.53,48.0,16.0,3765.0,3,12110.0,1176.0,19
50,4.5,1.0,1,0,4.0,64.0,0,6.6,48.0,48.0,5000.0,2,12110.0,1176.0,19
94,4.4,1.0,1,0,12.0,256.0,3,6.7,64.0,32.0,5000.0,3,5154.0,339.0,19
94,4.3,1.0,1,0,12.0,256.0,3,6.7,64.0,32.0,5000.0,3,1999.0,71.0,19
100,4.3,1.0,1,0,8.0,128.0,0,6.67,50.0,50.0,5000.0,2,683.0,28.0,19
38,4.3,1.0,1,0,6.0,128.0,3,6.5,48.0,16.0,5000.0,0,15646.0,1192.0,19
50,4.4,1.0,1,0,8.0,128.0,0,6.4,48.0,48.0,5000.0,0,216918.0,13078.0,19
120,4.3,1.0,1,0,8.0,128.0,3,6.6,64.0,16.0,5000.0,3,3331.0,120.0,19
15,4.3,1.0,0,0,4.0,64.0,6,6.5,12.0,8.0,5000.0,3,3331.0,120.0,19
36,4.3,1.0,0,0,4.0,128.0,6,6.745,32.0,5.0,5000.0,4,25387.0,2387.0,19
36,4.5,1.0,0,0,4.0,128.0,6,6.745,32.0,5.0,5000.0,4,106873.0,13459.0,19
76,4.3,1.0,1,0,4.0,128.0,3,6.72,50.0,8.0,5000.0,0,62112.0,6267.0,19
120,4.2,1.0,1,0,8.0,128.0,3,6.43,64.0,16.0,4310.0,0,112633.0,5736.0,19
41,4.5,1.0,0,0,4.0,128.0,3,6.53,48.0,16.0,3765.0,3,76776.0,8834.0,19
120,4.5,1.0,1,0,6.0,128.0,3,6.43,64.0,16.0,4310.0,0,43630.0,5178.0,19
131,4.5,1.0,0,0,2.0,32.0,6,6.5,8.0,5.0,5000.0,4,43630.0,5178.0,13
41,3.7,1.0,0,0,8.0,128.0,3,6.53,48.0,16.0,3765.0,3,9.0,2.0,19
41,4.3,1.0,0,0,8.0,128.0,3,6.53,48.0,16.0,3765.0,3,3331.0,120.0,19
36,4.3,1.0,0,0,4.0,128.0,6,6.745,32.0,5.0,5000.0,4,1396.0,72.0,19
36,4.5,1.0,0,0,4.0,128.0,6,6.745,32.0,5.0,5000.0,4,12110.0,1176.0,19
76,4.4,1.0,1,0,4.0,128.0,3,6.72,50.0,8.0,5000.0,0,23535.0,2791.0,19
100,4.2,1.0,1,0,8.0,128.0,0,6.72,50.0,50.0,5000.0,0,3962.0,187.0,19
94,4.2,1.0,1,0,12.0,256.0,3,6.7,64.0,32.0,5000.0,3,3962.0,187.0,19
94,4.3,1.0,1,0,8.0,128.0,3,6.7,64.0,32.0,5000.0,3,1059.0,79.0,19
94,4.3,1.0,1,0,8.0,128.0,3,6.7,64.0,32.0,5000.0,3,1238.0,152.0,19
105,4.3,1.0,1,0,4.0,64.0,6,6.67,50.0,8.0,5000.0,0,1238.0,152.0,19
105,4.1,1.0,1,0,4.0,64.0,6,6.67,50.0,8.0,5000.0,0,97.0,7.0,19
100,4.3,1.0,1,0,6.0,128.0,2,6.67,50.0,50.0,5000.0,2,1238.0,152.0,19
73,4.3,1.0,1,0,8.0,256.0,3,6.67,50.0,16.0,5000.0,0,1238.0,152.0,19
73,4.1,1.0,1,0,8.0,256.0,3,6.67,50.0,16.0,5000.0,0,97.0,7.0,19
73,4.3,1.0,1,0,12.0,256.0,3,6.67,50.0,16.0,5000.0,0,1333.0,59.0,19
73,4.5,1.0,1,0,8.0,256.0,3,6.67,50.0,16.0,5000.0,0,1687.0,115.0,19
73,4.3,1.0,1,0,8.0,256.0,3,6.67,50.0,16.0,5000.0,0,456.0,32.0,19
73,4.3,1.0,1,0,12.0,256.0,3,6.67,50.0,16.0,5000.0,0,456.0,32.0,19
88,4.4,1.0,1,0,12.0,256.0,3,6.7,50.0,32.0,5200.0,3,137612.0,8427.0,19
88,4.5,1.0,1,0,12.0,256.0,3,6.7,50.0,32.0,5200.0,3,38013.0,4683.0,19
120,4.3,1.0,1,0,12.0,256.0,3,6.43,64.0,16.0,4500.0,3,19571.0,1248.0,19
105,4.1,1.0,1,0,6.0,128.0,6,6.67,50.0,8.0,5000.0,0,73501.0,4190.0,19
115,4.4,1.0,1,0,6.0,128.0,3,6.72,64.0,8.0,5000.0,0,112384.0,6269.0,19
31,4.4,1.0,0,0,8.0,128.0,3,6.3,16.0,16.0,3500.0,3,112384.0,6269.0,19
115,4.1,1.0,1,0,8.0,128.0,3,6.72,64.0,8.0,5000.0,0,2609.0,73.0,19
131,4.4,1.0,0,0,3.0,32.0,6,6.5,8.0,5.0,5000.0,4,112384.0,6269.0,19
115,4.3,1.0,0,0,4.0,64.0,3,6.72,64.0,8.0,5000.0,1,72693.0,5468.0,19
115,4.1,1.0,0,0,4.0,64.0,3,6.72,64.0,8.0,5000.0,1,25114.0,1596.0,19
100,4.4,1.0,0,0,4.0,128.0,0,6.74,50.0,50.0,5000.0,2,133417.0,5948.0,19
115,4.3,1.0,0,0,4.0,64.0,3,6.72,64.0,8.0,5000.0,1,19744.0,1214.0,19
6,4.1,1.0,1,0,8.0,128.0,3,6.72,108.0,16.0,5000.0,0,2609.0,73.0,19
7,4.4,1.0,0,0,4.0,128.0,5,6.74,108.0,8.0,5000.0,4,26472.0,2116.0,19
7,4.4,1.0,0,0,6.0,64.0,5,6.74,108.0,8.0,5000.0,4,26472.0,2116.0,19
115,4.4,1.0,0,0,6.0,64.0,3,6.72,64.0,8.0,5000.0,1,238759.0,10128.0,19
100,4.4,1.0,0,0,4.0,128.0,0,6.745,50.0,50.0,5000.0,2,5349.0,719.0,19
10,4.5,1.0,1,0,8.0,256.0,3,6.7,108.0,16.0,5000.0,0,134743.0,7690.0,19
10,4.5,1.0,1,0,8.0,256.0,3,6.7,108.0,16.0,5000.0,0,43445.0,2377.0,19
131,4.5,1.0,0,0,2.0,32.0,6,6.5,8.0,5.0,5000.0,2,134743.0,7690.0,19
120,4.4,1.0,0,0,12.0,256.0,3,6.62,64.0,16.0,5000.0,3,86732.0,8886.0,19
70,4.4,1.0,0,0,4.0,64.0,3,6.6,50.0,16.0,5000.0,3,238759.0,10128.0,19
38,4.4,1.0,1,0,4.0,64.0,3,6.5,48.0,16.0,5000.0,0,53065.0,3237.0,19
70,4.4,1.0,0,0,4.0,64.0,3,6.6,50.0,16.0,5000.0,3,53065.0,3237.0,19
117,4.4,1.0,0,0,4.0,64.0,3,6.5,64.0,16.0,4300.0,1,345062.0,21947.0,19
131,4.4,1.0,0,0,2.0,32.0,6,6.5,8.0,5.0,5000.0,2,5349.0,719.0,19
38,4.4,1.0,1,0,6.0,128.0,3,6.5,48.0,16.0,5000.0,0,70825.0,5639.0,19
38,4.4,1.0,1,0,6.0,128.0,3,6.5,48.0,16.0,5000.0,0,5349.0,719.0,19
71,4.6,1.0,0,0,4.0,64.0,6,6.5,50.0,8.0,6000.0,1,91711.0,3058.0,19
120,4.4,1.0,0,0,12.0,256.0,3,6.62,64.0,16.0,5000.0,3,70825.0,5639.0,19
38,4.3,1.0,1,0,8.0,128.0,3,6.5,48.0,16.0,5000.0,0,78535.0,6066.0,19
120,4.3,1.0,0,0,12.0,256.0,3,6.62,64.0,16.0,5000.0,3,78535.0,6066.0,19
21,4.6,1.0,0,0,3.0,32.0,6,6.5,13.0,5.0,5000.0,4,91711.0,3058.0,19
38,4.3,1.0,1,0,8.0,128.0,3,6.5,48.0,16.0,5000.0,0,78535.0,6066.0,19
38,4.3,1.0,1,0,4.0,128.0,3,6.5,48.0,16.0,5000.0,0,78990.0,6064.0,19
38,4.4,1.0,1,0,4.0,128.0,3,6.5,48.0,16.0,5000.0,0,1879.0,229.0,19
21,4.4,1.0,0,0,3.0,32.0,6,6.5,13.0,5.0,5000.0,4,1879.0,229.0,19
38,4.3,1.0,1,0,4.0,64.0,3,6.5,48.0,16.0,5000.0,0,78990.0,6064.0,19
104,4.2,1.0,1,0,4.0,64.0,6,6.74,50.0,5.0,5000.0,0,106757.0,5165.0,11
104,4.2,1.0,1,0,4.0,64.0,6,6.74,50.0,5.0,5000.0,0,106757.0,5165.0,11
131,4.1,1.0,0,0,4.0,64.0,6,6.71,8.0,5.0,5000.0,1,50023.0,1843.0,11
131,4.1,1.0,0,0,4.0,64.0,6,6.71,8.0,5.0,5000.0,1,50023.0,1843.0,11
104,4.2,1.0,1,0,4.0,64.0,6,6.74,50.0,5.0,5000.0,0,106757.0,5165.0,11
131,4.1,1.0,0,0,4.0,64.0,6,6.71,8.0,5.0,5000.0,1,50023.0,1843.0,11
6,4.2,1.0,1,0,8.0,128.0,3,6.67,108.0,16.0,5000.0,0,26752.0,1988.0,11
6,4.2,1.0,1,0,8.0,128.0,3,6.67,108.0,16.0,5000.0,0,26752.0,1988.0,11
104,4.3,1.0,1,0,6.0,128.0,6,6.74,50.0,5.0,5000.0,0,43111.0,2239.0,11
97,4.3,1.0,0,0,4.0,128.0,6,6.74,50.0,8.0,5000.0,1,90262.0,4518.0,11
104,4.3,1.0,1,0,6.0,128.0,6,6.74,50.0,5.0,5000.0,0,43111.0,2239.0,11
5,4.2,1.0,1,0,6.0,128.0,3,6.79,108.0,13.0,5030.0,3,17405.0,1038.0,11
6,4.2,1.0,1,0,8.0,128.0,3,6.67,108.0,16.0,5000.0,0,26752.0,1988.0,11
5,4.2,1.0,1,0,6.0,128.0,3,6.79,108.0,13.0,5030.0,3,17405.0,1038.0,11
104,4.3,1.0,1,0,6.0,128.0,6,6.74,50.0,5.0,5000.0,0,43111.0,2239.0,11
5,4.2,1.0,1,0,6.0,128.0,3,6.79,108.0,13.0,5030.0,3,17405.0,1038.0,11
120,4.3,1.0,1,0,12.0,256.0,0,6.67,64.0,16.0,5100.0,3,8892.0,788.0,11
120,4.3,1.0,1,0,12.0,512.0,0,6.67,64.0,16.0,5100.0,3,8892.0,788.0,11
120,4.3,1.0,1,0,12.0,512.0,0,6.67,64.0,16.0,5100.0,3,8892.0,788.0,11
5,4.2,1.0,1,0,8.0,128.0,3,6.79,108.0,13.0,5030.0,3,3301.0,201.0,11
56,4.3,1.0,1,0,8.0,256.0,0,6.67,50.0,20.0,5000.0,3,8514.0,764.0,11
97,4.3,1.0,0,0,4.0,128.0,6,6.74,50.0,8.0,5000.0,1,90262.0,4518.0,11
5,4.2,1.0,1,0,8.0,128.0,3,6.79,108.0,13.0,5030.0,3,3301.0,201.0,11
120,4.3,1.0,1,0,8.0,256.0,0,6.67,64.0,16.0,5000.0,0,17789.0,1947.0,11
120,4.3,1.0,1,0,12.0,512.0,0,6.67,64.0,16.0,5000.0,0,14549.0,1637.0,11
97,4.3,1.0,0,0,4.0,128.0,6,6.74,50.0,8.0,5000.0,1,90262.0,4518.0,11
56,4.3,1.0,1,0,12.0,256.0,0,6.67,50.0,20.0,5000.0,3,4873.0,481.0,11
104,4.2,1.0,1,0,4.0,128.0,6,6.74,50.0,5.0,5000.0,0,106757.0,5165.0,11
120,4.3,1.0,1,0,12.0,256.0,0,6.67,64.0,16.0,5100.0,3,8892.0,788.0,11
120,4.3,1.0,1,0,8.0,256.0,0,6.67,64.0,16.0,5000.0,0,17789.0,1947.0,11
120,4.3,1.0,1,0,12.0,256.0,0,6.67,64.0,16.0,5100.0,3,8892.0,788.0,11
97,4.2,1.0,0,0,6.0,128.0,6,6.74,50.0,8.0,5000.0,1,27471.0,1322.0,11
120,4.3,1.0,1,0,12.0,512.0,0,6.67,64.0,16.0,5000.0,0,14549.0,1637.0,11
56,4.3,1.0,1,0,8.0,256.0,0,6.67,50.0,20.0,5000.0,3,8514.0,764.0,11
120,4.3,1.0,1,0,12.0,512.0,0,6.67,64.0,16.0,5000.0,0,14549.0,1637.0,11
120,4.3,1.0,1,0,8.0,256.0,0,6.67,64.0,16.0,5000.0,0,17789.0,1947.0,11
120,4.3,1.0,1,0,8.0,256.0,0,6.67,64.0,16.0,5100.0,3,25739.0,2506.0,11
104,4.2,1.0,1,0,8.0,256.0,6,6.74,50.0,5.0,5000.0,0,18735.0,1040.0,11
56,4.3,1.0,1,0,12.0,256.0,0,6.67,50.0,20.0,5000.0,3,4873.0,481.0,11
104,4.2,1.0,1,0,4.0,128.0,6,6.74,50.0,5.0,5000.0,0,106757.0,5165.0,11
97,4.2,1.0,0,0,6.0,128.0,6,6.74,50.0,8.0,5000.0,1,27471.0,1322.0,11
56,4.3,1.0,1,0,12.0,512.0,0,6.67,50.0,20.0,5000.0,3,4873.0,481.0,11
97,4.2,1.0,0,0,8.0,256.0,6,6.74,50.0,8.0,5000.0,1,12250.0,685.0,11
104,4.2,1.0,1,0,4.0,128.0,6,6.74,50.0,5.0,5000.0,0,106757.0,5165.0,11
56,4.3,1.0,1,0,12.0,512.0,0,6.67,50.0,20.0,5000.0,3,4873.0,481.0,11
6,4.2,1.0,1,0,12.0,256.0,3,6.67,108.0,16.0,5000.0,0,13274.0,974.0,11
99,4.2,1.0,0,0,6.0,128.0,6,6.71,50.0,5.0,5000.0,1,144772.0,8384.0,11
104,4.2,1.0,1,0,4.0,128.0,6,6.74,50.0,5.0,5000.0,0,106757.0,5165.0,11
120,4.3,1.0,1,0,8.0,256.0,0,6.67,64.0,16.0,5100.0,3,25739.0,2506.0,11
129,4.0,1.0,0,0,4.0,64.0,6,6.52,8.0,5.0,5000.0,1,232742.0,12392.0,11
131,4.1,1.0,0,0,6.0,128.0,6,6.52,8.0,5.0,5000.0,1,12749.0,631.0,11
5,4.2,1.0,1,0,8.0,128.0,3,6.79,108.0,13.0,5030.0,3,3301.0,201.0,11
104,4.2,1.0,1,0,4.0,128.0,6,6.74,50.0,5.0,5000.0,0,106757.0,5165.0,11
104,4.2,1.0,1,0,4.0,128.0,6,6.74,50.0,5.0,5000.0,0,106757.0,5165.0,11
76,4.2,1.0,1,0,6.0,128.0,3,6.58,50.0,8.0,5000.0,0,56310.0,3818.0,11
99,4.2,1.0,0,0,4.0,64.0,6,6.71,50.0,5.0,5000.0,1,129706.0,7590.0,11
97,4.2,1.0,0,0,8.0,256.0,6,6.74,50.0,8.0,5000.0,1,12250.0,685.0,11
99,4.2,1.0,0,0,6.0,128.0,6,6.71,50.0,5.0,5000.0,1,144772.0,8384.0,11
131,4.2,1.0,0,0,6.0,128.0,6,6.71,8.0,5.0,5000.0,1,9862.0,344.0,11
104,4.2,1.0,1,0,8.0,256.0,6,6.74,50.0,5.0,5000.0,0,18735.0,1040.0,11
56,4.3,1.0,1,0,12.0,256.0,0,6.67,50.0,20.0,5000.0,3,4873.0,481.0,11
6,4.2,1.0,1,0,12.0,256.0,3,6.67,108.0,16.0,5000.0,0,13274.0,974.0,11
76,4.2,1.0,1,0,4.0,64.0,3,6.58,50.0,8.0,5000.0,0,102129.0,6826.0,11
97,4.2,1.0,0,0,8.0,256.0,6,6.74,50.0,8.0,5000.0,1,12250.0,685.0,11
120,4.3,1.0,1,0,8.0,256.0,0,6.67,64.0,16.0,5100.0,3,25739.0,2506.0,11
21,4.3,1.0,0,0,3.0,32.0,6,6.53,13.0,5.0,5000.0,1,152134.0,9137.0,11
104,4.2,1.0,1,0,8.0,256.0,6,6.74,50.0,5.0,5000.0,0,18735.0,1040.0,11
121,4.3,2.0,1,0,12.0,256.0,3,6.67,64.0,20.0,4500.0,3,5748.0,740.0,11
76,4.3,1.0,1,0,4.0,128.0,3,6.79,50.0,8.0,5000.0,3,84406.0,5505.0,11
121,4.3,2.0,1,0,12.0,256.0,3,6.67,64.0,20.0,4500.0,3,5748.0,740.0,11
76,4.2,1.0,1,0,4.0,64.0,3,6.58,50.0,8.0,5000.0,0,102129.0,6826.0,11
76,4.2,1.0,1,0,6.0,128.0,3,6.79,50.0,8.0,5000.0,3,136074.0,8576.0,11
76,4.2,1.0,1,0,6.0,128.0,3,6.58,50.0,8.0,5000.0,0,56310.0,3818.0,11
121,4.3,2.0,1,0,8.0,128.0,3,6.67,64.0,20.0,4500.0,3,5904.0,733.0,11
6,4.2,1.0,1,0,12.0,256.0,3,6.67,108.0,16.0,5000.0,0,13274.0,974.0,11
76,4.2,1.0,1,0,6.0,128.0,3,6.79,50.0,8.0,5000.0,3,136074.0,8576.0,11
76,4.2,1.0,1,0,8.0,256.0,3,6.79,50.0,8.0,5000.0,3,25186.0,1871.0,11
129,4.0,1.0,0,0,4.0,64.0,6,6.52,8.0,5.0,5000.0,1,232742.0,12392.0,11
121,4.3,2.0,1,0,6.0,128.0,3,6.67,64.0,20.0,4500.0,3,13713.0,1840.0,11
107,4.3,2.0,1,0,12.0,256.0,3,6.67,64.0,16.0,5000.0,3,5424.0,644.0,11
129,4.0,1.0,0,0,4.0,64.0,6,6.52,8.0,5.0,5000.0,1,232742.0,12392.0,11
76,4.3,1.0,1,0,4.0,128.0,3,6.79,50.0,8.0,5000.0,3,84406.0,5505.0,11
99,4.2,1.0,0,0,4.0,64.0,6,6.71,50.0,5.0,5000.0,1,129706.0,7590.0,11
45,4.2,1.0,1,0,6.0,128.0,3,6.67,48.0,13.0,5000.0,3,40143.0,3062.0,11
97,4.2,1.0,0,0,6.0,128.0,6,6.74,50.0,8.0,5000.0,1,27471.0,1322.0,11
21,4.3,1.0,0,0,3.0,32.0,6,6.53,13.0,5.0,5000.0,1,152134.0,9137.0,11
121,4.3,2.0,1,0,6.0,128.0,3,6.67,64.0,20.0,4500.0,3,13713.0,1840.0,11
118,4.5,1.0,0,0,6.0,64.0,3,6.67,64.0,20.0,4500.0,3,271891.0,28832.0,11
104,4.2,1.0,1,0,4.0,64.0,6,6.74,50.0,5.0,5000.0,0,106757.0,5165.0,11
131,4.1,1.0,0,0,4.0,64.0,6,6.71,8.0,5.0,5000.0,1,50023.0,1843.0,11
131,4.1,1.0,0,0,4.0,64.0,6,6.71,8.0,5.0,5000.0,1,50023.0,1843.0,11
104,4.2,1.0,1,0,4.0,64.0,6,6.74,50.0,5.0,5000.0,0,106757.0,5165.0,11
6,4.2,1.0,1,0,8.0,128.0,3,6.67,108.0,16.0,5000.0,0,26752.0,1988.0,11
104,4.3,1.0,1,0,6.0,128.0,6,6.74,50.0,5.0,5000.0,0,43111.0,2239.0,11
120,4.3,1.0,1,0,12.0,256.0,0,6.67,64.0,16.0,5100.0,3,8892.0,788.0,11
120,4.3,1.0,1,0,12.0,512.0,0,6.67,64.0,16.0,5100.0,3,8892.0,788.0,11
97,4.3,1.0,0,0,4.0,128.0,6,6.74,50.0,8.0,5000.0,1,90262.0,4518.0,11
120,4.3,1.0,1,0,12.0,512.0,0,6.67,64.0,16.0,5000.0,0,14549.0,1637.0,11
120,4.3,1.0,1,0,12.0,512.0,0,6.67,64.0,16.0,5000.0,0,14549.0,1637.0,11
120,4.3,1.0,1,0,12.0,256.0,0,6.67,64.0,16.0,5100.0,3,8892.0,788.0,11
104,4.2,1.0,1,0,8.0,256.0,6,6.74,50.0,5.0,5000.0,0,18735.0,1040.0,11
104,4.2,1.0,1,0,4.0,128.0,6,6.74,50.0,5.0,5000.0,0,106757.0,5165.0,11
120,4.3,1.0,1,0,8.0,256.0,0,6.67,64.0,16.0,5100.0,3,25739.0,2506.0,11
21,4.3,1.0,0,0,4.0,64.0,6,6.53,13.0,5.0,5000.0,1,234856.0,14016.0,11
6,4.2,1.0,1,0,12.0,256.0,3,6.67,108.0,16.0,5000.0,0,13274.0,974.0,11
21,4.3,1.0,0,0,4.0,64.0,6,6.53,13.0,5.0,5000.0,2,234856.0,14016.0,11
104,4.2,1.0,1,0,8.0,256.0,6,6.74,50.0,5.0,5000.0,0,18735.0,1040.0,11
76,4.3,1.0,1,0,4.0,128.0,3,6.79,50.0,8.0,5000.0,3,84406.0,5505.0,11
76,4.2,1.0,1,0,6.0,128.0,3,6.58,50.0,8.0,5000.0,0,56310.0,3818.0,11
76,4.2,1.0,1,0,8.0,256.0,3,6.79,50.0,8.0,5000.0,3,25186.0,1871.0,11
107,4.3,2.0,1,0,12.0,256.0,3,6.67,64.0,16.0,5000.0,3,5424.0,644.0,11
129,4.0,1.0,0,0,4.0,64.0,6,6.52,8.0,5.0,5000.0,1,232742.0,12392.0,11
99,4.2,1.0,0,0,4.0,64.0,6,6.71,50.0,5.0,5000.0,1,129706.0,7590.0,11
21,4.3,1.0,0,0,3.0,32.0,6,6.53,13.0,5.0,5000.0,1,152134.0,9137.0,11
97,4.2,1.0,0,0,6.0,128.0,6,6.74,50.0,8.0,5000.0,1,27471.0,1322.0,11
118,4.5,1.0,0,0,6.0,64.0,3,6.67,64.0,20.0,4500.0,3,271891.0,28832.0,11
99,4.2,1.0,0,0,4.0,64.0,6,6.71,50.0,5.0,5000.0,1,129706.0,7590.0,11
99,4.2,1.0,0,0,6.0,128.0,6,6.71,50.0,5.0,5000.0,1,144772.0,8384.0,11
128,4.2,1.0,0,0,2.0,32.0,6,6.52,8.0,5.0,5000.0,1,73224.0,3414.0,11
45,4.2,1.0,1,0,8.0,256.0,3,6.67,48.0,13.0,5000.0,3,25068.0,1832.0,11
128,4.1,1.0,0,0,3.0,32.0,6,6.52,8.0,5.0,5000.0,1,23757.0,1402.0,11
118,4.5,1.0,0,0,6.0,128.0,3,6.67,64.0,20.0,4500.0,3,271891.0,28832.0,11
128,4.1,1.0,0,0,3.0,32.0,6,6.52,8.0,5.0,5000.0,1,23757.0,1402.0,11
118,4.5,1.0,0,0,6.0,128.0,3,6.67,64.0,20.0,4500.0,3,271891.0,28832.0,11
118,4.5,1.0,0,0,6.0,128.0,3,6.67,64.0,20.0,4500.0,3,271891.0,28832.0,11
45,4.2,1.0,1,0,6.0,128.0,3,6.67,48.0,13.0,5000.0,3,40143.0,3062.0,11
45,4.2,1.0,1,0,6.0,128.0,3,6.67,48.0,13.0,5000.0,3,40143.0,3062.0,11
10,4.3,1.0,1,0,8.0,256.0,3,6.67,108.0,16.0,5000.0,3,39561.0,3617.0,11
76,4.4,1.0,1,0,8.0,256.0,3,6.79,50.0,8.0,5000.0,3,410600.0,29344.0,11
121,4.3,2.0,1,0,8.0,128.0,3,6.67,64.0,20.0,4500.0,3,126674.0,8923.0,11
10,4.3,1.0,1,0,6.0,128.0,3,6.67,108.0,16.0,5000.0,3,44961.0,4159.0,11
76,4.3,1.0,1,0,4.0,64.0,3,6.79,50.0,8.0,5000.0,3,15245.0,1961.0,11
10,4.3,1.0,1,0,8.0,256.0,3,6.67,108.0,16.0,5000.0,3,84406.0,5505.0,11
120,4.3,1.0,1,0,8.0,256.0,3,6.67,64.0,16.0,5065.0,0,15245.0,1961.0,11
107,4.3,2.0,1,0,8.0,256.0,3,6.67,64.0,16.0,5000.0,3,15245.0,1961.0,11
17,2.5,1.0,0,0,8.0,256.0,3,6.18,12.0,20.0,4000.0,3,4.0,0.0,11
17,4.3,1.0,0,0,6.0,128.0,3,6.18,12.0,20.0,4000.0,3,309745.0,18345.0,11
17,4.3,1.0,0,0,6.0,128.0,3,6.18,12.0,20.0,4000.0,3,138119.0,12366.0,11
76,4.2,1.0,1,0,4.0,64.0,3,6.79,50.0,8.0,5000.0,3,93132.0,8735.0,11
120,4.5,1.0,1,0,8.0,128.0,3,6.67,64.0,16.0,5065.0,0,244500.0,29866.0,11
120,4.3,1.0,1,0,8.0,128.0,3,6.67,64.0,16.0,5065.0,0,15245.0,1961.0,11
120,4.3,1.0,1,0,8.0,128.0,3,6.67,64.0,16.0,5065.0,0,31425.0,3173.0,11
10,4.3,1.0,1,0,6.0,128.0,3,6.67,108.0,16.0,5000.0,3,15245.0,1961.0,11
120,4.4,1.0,1,0,8.0,256.0,3,6.67,64.0,16.0,5065.0,0,25418.0,3068.0,11
76,4.5,1.0,1,0,8.0,128.0,3,6.72,50.0,8.0,5000.0,0,37921.0,1285.0,19
76,4.4,1.0,1,0,6.0,128.0,3,6.72,50.0,8.0,5000.0,0,89216.0,4154.0,19
76,4.5,1.0,1,0,8.0,128.0,3,6.72,50.0,8.0,5000.0,0,37921.0,1285.0,19
76,4.4,1.0,1,0,6.0,128.0,3,6.72,50.0,8.0,5000.0,0,89216.0,4154.0,19
76,4.4,1.0,1,0,6.0,128.0,3,6.72,50.0,8.0,5000.0,0,89216.0,4154.0,19
36,4.4,1.0,0,0,6.0,128.0,6,6.745,32.0,5.0,5000.0,4,6537.0,178.0,19
76,4.5,1.0,1,0,8.0,128.0,3,6.72,50.0,8.0,5000.0,0,37921.0,1285.0,19
36,4.4,1.0,0,0,6.0,128.0,6,6.745,32.0,5.0,5000.0,4,6537.0,178.0,19
36,4.3,1.0,0,0,4.0,64.0,6,6.745,32.0,5.0,5000.0,4,3269.0,115.0,19
95,4.5,1.0,1,0,8.0,128.0,3,6.7,50.0,16.0,5000.0,3,26030.0,1717.0,19
95,4.5,1.0,1,0,8.0,128.0,3,6.7,50.0,16.0,5000.0,3,26030.0,1717.0,19
95,4.5,1.0,1,0,8.0,256.0,3,6.7,50.0,16.0,5000.0,3,26030.0,1717.0,19
73,4.4,1.0,1,0,6.0,128.0,3,6.67,50.0,16.0,5000.0,0,66901.0,3854.0,19
73,4.4,1.0,1,0,8.0,128.0,3,6.67,50.0,16.0,5000.0,0,34954.0,1899.0,19
73,4.4,1.0,1,0,8.0,128.0,3,6.67,50.0,16.0,5000.0,0,34954.0,1899.0,19
37,4.4,1.0,1,0,8.0,128.0,6,6.67,32.0,8.0,5000.0,0,1547.0,60.0,19
95,4.5,1.0,1,0,8.0,256.0,3,6.7,50.0,16.0,5000.0,3,26030.0,1717.0,19
73,4.4,1.0,1,0,8.0,256.0,3,6.67,50.0,16.0,5000.0,0,34954.0,1899.0,19
73,4.4,1.0,1,0,6.0,128.0,3,6.67,50.0,16.0,5000.0,0,66901.0,3854.0,19
73,4.4,1.0,1,0,8.0,256.0,3,6.67,50.0,16.0,5000.0,0,34954.0,1899.0,19
73,4.4,1.0,1,0,8.0,256.0,3,6.67,50.0,16.0,5000.0,0,34954.0,1899.0,19
95,4.4,1.0,1,0,12.0,256.0,3,6.7,50.0,16.0,5000.0,3,3994.0,226.0,19
95,4.4,1.0,1,0,12.0,256.0,3,6.7,50.0,16.0,5000.0,3,3994.0,226.0,19
95,4.4,1.0,1,0,12.0,256.0,3,6.7,50.0,16.0,5000.0,3,3994.0,226.0,19
36,4.3,1.0,0,0,4.0,64.0,6,6.745,32.0,5.0,5000.0,4,3269.0,115.0,19
37,4.4,1.0,1,0,4.0,128.0,6,6.67,32.0,8.0,5000.0,0,2879.0,146.0,19
91,4.4,1.0,1,0,8.0,256.0,3,6.7,50.0,16.0,5000.0,3,30582.0,2682.0,19
37,4.4,1.0,1,0,8.0,128.0,6,6.67,32.0,8.0,5000.0,0,1547.0,60.0,19
105,4.3,1.0,0,0,4.0,64.0,6,6.745,50.0,8.0,5000.0,4,7305.0,345.0,19
96,4.5,1.0,1,0,8.0,128.0,3,6.7,50.0,32.0,5200.0,3,5415.0,362.0,19
92,4.5,1.0,1,0,12.0,256.0,3,6.7,50.0,32.0,5200.0,3,4388.0,399.0,19
37,4.4,1.0,1,0,4.0,128.0,6,6.67,32.0,8.0,5000.0,0,2879.0,146.0,19
37,4.5,1.0,1,0,6.0,128.0,6,6.67,32.0,8.0,5000.0,0,8956.0,250.0,19
73,4.4,1.0,1,0,6.0,128.0,3,6.67,50.0,16.0,5000.0,0,66901.0,3854.0,19
92,4.5,1.0,1,0,12.0,256.0,3,6.7,50.0,32.0,5200.0,3,4388.0,399.0,19
92,4.5,1.0,1,0,12.0,256.0,3,6.7,50.0,32.0,5200.0,3,4388.0,399.0,19
91,4.4,1.0,1,0,12.0,256.0,3,6.7,50.0,16.0,5000.0,3,11167.0,717.0,19
91,4.4,1.0,1,0,8.0,128.0,3,6.7,50.0,16.0,5000.0,3,30582.0,2682.0,19
96,4.5,1.0,1,0,8.0,128.0,3,6.7,50.0,32.0,5200.0,3,5415.0,362.0,19
73,4.4,1.0,1,0,8.0,128.0,3,6.67,50.0,16.0,5000.0,0,34954.0,1899.0,19
91,4.4,1.0,1,0,8.0,128.0,3,6.7,50.0,16.0,5000.0,3,30582.0,2682.0,19
91,4.4,1.0,1,0,12.0,256.0,3,6.7,50.0,16.0,5000.0,3,11167.0,717.0,19
91,4.4,1.0,1,0,8.0,256.0,3,6.7,50.0,16.0,5000.0,3,30582.0,2682.0,19
92,4.4,1.0,1,0,8.0,256.0,3,6.7,50.0,32.0,5200.0,3,6865.0,713.0,19
96,4.4,1.0,1,0,12.0,512.0,3,6.7,50.0,32.0,5200.0,3,3139.0,228.0,19
92,4.5,1.0,1,0,12.0,512.0,3,6.7,50.0,32.0,5200.0,3,4388.0,399.0,19
92,4.5,1.0,1,0,12.0,256.0,3,6.7,50.0,32.0,5200.0,3,4388.0,399.0,19
94,4.4,1.0,1,0,8.0,128.0,3,6.7,64.0,32.0,5000.0,3,23468.0,2785.0,19
105,4.3,1.0,0,0,4.0,128.0,6,6.745,50.0,8.0,5000.0,4,7305.0,345.0,19
105,4.3,1.0,0,0,4.0,128.0,6,6.745,50.0,8.0,5000.0,4,7305.0,345.0,19
96,4.4,1.0,1,0,12.0,512.0,3,6.7,50.0,32.0,5200.0,3,3139.0,228.0,19
92,4.4,1.0,1,0,8.0,256.0,3,6.7,50.0,32.0,5200.0,3,6865.0,713.0,19
92,4.5,1.0,1,0,12.0,512.0,3,6.7,50.0,32.0,5200.0,3,4388.0,399.0,19
94,4.4,1.0,1,0,8.0,256.0,3,6.7,64.0,32.0,5000.0,3,23468.0,2785.0,19
94,4.4,1.0,1,0,8.0,256.0,3,6.7,64.0,32.0,5000.0,3,23468.0,2785.0,19
94,4.4,1.0,1,0,12.0,256.0,3,6.7,64.0,32.0,5000.0,3,11875.0,1145.0,19
94,4.4,1.0,1,0,12.0,256.0,3,6.7,64.0,32.0,5000.0,3,11875.0,1145.0,19
92,4.4,1.0,1,0,8.0,256.0,3,6.7,50.0,32.0,5200.0,3,6865.0,713.0,19
96,4.4,1.0,1,0,12.0,256.0,3,6.7,50.0,32.0,5200.0,3,3139.0,228.0,19
96,4.4,1.0,1,0,12.0,256.0,3,6.7,50.0,32.0,5200.0,3,3139.0,228.0,19
105,4.2,1.0,1,0,4.0,128.0,6,6.67,50.0,8.0,5000.0,0,3907.0,183.0,19
100,4.2,1.0,1,0,8.0,128.0,0,6.72,50.0,50.0,5000.0,0,1369.0,72.0,19
92,4.5,1.0,0,0,16.0,512.0,3,6.78,50.0,32.0,5500.0,3,2560.0,278.0,19
105,4.2,1.0,1,0,4.0,128.0,6,6.67,50.0,8.0,5000.0,0,3907.0,183.0,19
105,4.2,1.0,1,0,4.0,128.0,6,6.67,50.0,8.0,5000.0,0,3907.0,183.0,19
100,4.2,1.0,1,0,8.0,128.0,0,6.72,50.0,50.0,5000.0,0,1369.0,72.0,19
100,4.2,1.0,1,0,8.0,128.0,0,6.72,50.0,50.0,5000.0,0,1369.0,72.0,19
92,4.5,1.0,0,0,16.0,512.0,3,6.78,50.0,32.0,5500.0,3,2560.0,278.0,19
92,4.5,1.0,0,0,8.0,256.0,3,6.78,50.0,32.0,5500.0,3,1525.0,183.0,19
92,4.5,1.0,0,0,12.0,256.0,3,6.78,50.0,32.0,5500.0,3,722.0,72.0,19
105,4.4,1.0,1,0,6.0,128.0,6,6.67,50.0,8.0,5000.0,0,10507.0,437.0,19
94,4.4,1.0,1,0,8.0,256.0,3,6.7,64.0,32.0,5000.0,3,23468.0,2785.0,19
105,4.2,1.0,1,0,8.0,128.0,6,6.67,50.0,8.0,5000.0,0,476.0,23.0,19
105,4.2,1.0,1,0,8.0,128.0,6,6.67,50.0,8.0,5000.0,0,476.0,23.0,19
92,4.5,1.0,0,0,16.0,512.0,3,6.78,50.0,32.0,5500.0,3,2560.0,278.0,19
92,4.5,1.0,0,0,12.0,256.0,3,6.78,50.0,32.0,5500.0,3,722.0,72.0,19
92,4.5,1.0,0,0,8.0,256.0,3,6.78,50.0,32.0,5500.0,3,1525.0,183.0,19
105,4.2,1.0,1,0,8.0,128.0,6,6.67,50.0,8.0,5000.0,0,476.0,23.0,19
73,4.4,1.0,1,0,8.0,256.0,3,6.67,50.0,16.0,5000.0,0,902.0,75.0,19
101,4.4,1.0,1,0,8.0,128.0,0,6.67,50.0,16.0,5000.0,2,5111.0,334.0,19
105,4.3,1.0,1,0,6.0,128.0,0,6.72,50.0,8.0,5000.0,0,3523.0,139.0,19
105,4.4,1.0,1,0,6.0,128.0,6,6.67,50.0,8.0,5000.0,0,10507.0,437.0,19
105,4.4,1.0,1,0,6.0,128.0,6,6.67,50.0,8.0,5000.0,0,10507.0,437.0,19
105,4.2,1.0,1,0,4.0,128.0,6,6.67,50.0,8.0,5000.0,0,3907.0,183.0,19
105,4.2,1.0,1,0,4.0,64.0,6,6.67,50.0,8.0,5000.0,0,3907.0,183.0,19
73,4.4,1.0,1,0,8.0,256.0,3,6.67,50.0,16.0,5000.0,0,902.0,75.0,19
100,4.4,1.0,1,0,8.0,128.0,0,6.67,50.0,50.0,5000.0,2,5111.0,334.0,19
105,4.1,1.0,1,0,4.0,128.0,0,6.72,50.0,8.0,5000.0,0,982.0,46.0,19
73,4.1,1.0,1,0,12.0,256.0,3,6.67,50.0,16.0,5000.0,0,94.0,6.0,19
73,4.4,1.0,1,0,12.0,256.0,3,6.67,50.0,16.0,5000.0,0,241.0,23.0,19
73,4.4,1.0,1,0,12.0,256.0,3,6.67,50.0,16.0,5000.0,0,241.0,23.0,19
73,4.3,1.0,1,0,8.0,128.0,3,6.67,50.0,16.0,5000.0,0,1194.0,150.0,19
105,4.1,1.0,1,0,4.0,128.0,0,6.72,50.0,8.0,5000.0,0,982.0,46.0,19
105,4.3,1.0,1,0,6.0,128.0,0,6.72,50.0,8.0,5000.0,0,3523.0,139.0,19
88,4.3,1.0,1,0,12.0,512.0,3,6.7,50.0,32.0,5200.0,3,449.0,31.0,19
101,4.3,1.0,1,0,8.0,128.0,2,6.67,50.0,16.0,5000.0,2,1672.0,87.0,19
73,4.4,1.0,1,0,8.0,128.0,3,6.67,50.0,16.0,5000.0,0,902.0,75.0,19
73,4.4,1.0,1,0,8.0,128.0,3,6.67,50.0,16.0,5000.0,0,902.0,75.0,19
73,4.4,1.0,1,0,8.0,256.0,3,6.67,50.0,16.0,5000.0,0,902.0,75.0,19
73,4.4,1.0,1,0,8.0,128.0,3,6.67,50.0,16.0,5000.0,0,902.0,75.0,19
76,4.1,1.0,1,0,4.0,128.0,3,6.72,50.0,8.0,5000.0,0,13347.0,851.0,19
73,4.2,1.0,1,0,8.0,128.0,3,6.72,50.0,16.0,5000.0,0,586.0,31.0,19
73,4.2,1.0,1,0,8.0,128.0,3,6.72,50.0,16.0,5000.0,0,586.0,31.0,19
73,4.2,1.0,1,0,8.0,128.0,3,6.72,50.0,16.0,5000.0,0,586.0,31.0,19
100,4.4,1.0,1,0,8.0,256.0,0,6.67,50.0,50.0,5000.0,2,5111.0,334.0,19
73,4.1,1.0,1,0,12.0,256.0,3,6.67,50.0,16.0,5000.0,0,94.0,6.0,19
88,4.4,1.0,1,0,8.0,128.0,3,6.7,50.0,32.0,5200.0,3,4589.0,319.0,19
7,4.4,1.0,0,0,6.0,128.0,5,6.74,108.0,8.0,5000.0,4,133352.0,5947.0,19
73,4.3,1.0,1,0,8.0,128.0,3,6.67,50.0,16.0,5000.0,0,1194.0,150.0,19
88,4.4,1.0,1,0,8.0,256.0,3,6.7,50.0,32.0,5200.0,3,4589.0,319.0,19
120,4.2,1.0,1,0,8.0,128.0,3,6.43,64.0,16.0,4500.0,3,1455.0,174.0,19
6,4.3,1.0,1,0,8.0,128.0,3,6.72,108.0,16.0,5000.0,0,72660.0,5467.0,19
120,4.2,1.0,1,0,8.0,128.0,3,6.43,64.0,16.0,4500.0,3,1455.0,174.0,19
88,4.4,1.0,1,0,8.0,128.0,3,6.7,50.0,32.0,5200.0,3,4589.0,319.0,19
88,4.4,1.0,1,0,8.0,128.0,3,6.7,50.0,32.0,5200.0,3,4589.0,319.0,19
88,4.4,1.0,1,0,8.0,256.0,3,6.7,50.0,32.0,5200.0,3,4589.0,319.0,19
88,4.4,1.0,1,0,8.0,256.0,3,6.7,50.0,32.0,5200.0,3,4589.0,319.0,19
88,4.3,1.0,1,0,12.0,512.0,3,6.7,50.0,32.0,5200.0,3,449.0,31.0,19
73,4.2,1.0,1,0,8.0,256.0,3,6.72,50.0,16.0,5000.0,0,586.0,31.0,19
73,4.2,1.0,1,0,8.0,256.0,3,6.72,50.0,16.0,5000.0,0,586.0,31.0,19
88,4.3,1.0,1,0,12.0,512.0,3,6.7,50.0,32.0,5200.0,3,449.0,31.0,19
131,4.2,1.0,0,0,4.0,64.0,6,6.5,8.0,5.0,5000.0,4,7986.0,421.0,19
76,4.4,1.0,1,0,4.0,128.0,3,6.72,50.0,8.0,5000.0,0,7685.0,526.0,19
58,4.3,1.0,0,0,4.0,64.0,5,6.74,50.0,5.0,5000.0,4,91256.0,3757.0,19
7,4.4,1.0,0,0,6.0,128.0,5,6.74,108.0,8.0,5000.0,4,133352.0,5947.0,19
10,4.4,1.0,1,0,6.0,128.0,3,6.7,108.0,16.0,5000.0,0,35242.0,2931.0,19
87,4.3,1.0,1,0,8.0,256.0,3,6.67,50.0,16.0,5000.0,0,18701.0,1689.0,19
76,4.3,1.0,1,0,6.0,128.0,3,6.72,50.0,8.0,5000.0,0,1341.0,105.0,19
76,4.4,1.0,1,0,4.0,128.0,3,6.72,50.0,8.0,5000.0,0,7685.0,526.0,19
7,4.4,1.0,1,0,6.0,128.0,3,6.72,108.0,8.0,5000.0,0,7754.0,507.0,19
7,4.3,1.0,1,0,8.0,128.0,3,6.72,108.0,8.0,5000.0,0,2331.0,122.0,19
115,4.3,1.0,0,0,6.0,64.0,3,6.72,64.0,8.0,5000.0,1,19734.0,1214.0,19
115,4.4,1.0,0,0,4.0,64.0,3,6.72,64.0,8.0,5000.0,1,112356.0,6269.0,19
58,4.3,1.0,0,0,4.0,128.0,5,6.74,50.0,5.0,5000.0,4,91256.0,3757.0,19
71,4.4,1.0,0,0,4.0,128.0,6,6.5,50.0,8.0,5000.0,4,139811.0,5845.0,19
100,4.3,1.0,1,0,4.0,128.0,0,6.72,50.0,50.0,5000.0,2,6275.0,317.0,19
10,4.4,1.0,1,0,6.0,128.0,3,6.7,108.0,16.0,5000.0,0,35242.0,2931.0,19
87,4.3,1.0,1,0,8.0,256.0,3,6.67,50.0,16.0,5000.0,0,18701.0,1689.0,19
87,4.3,1.0,1,0,8.0,128.0,3,6.67,50.0,16.0,5000.0,0,18701.0,1689.0,19
87,4.3,1.0,1,0,8.0,128.0,3,6.67,50.0,16.0,5000.0,0,18701.0,1689.0,19
100,4.1,1.0,0,0,4.0,64.0,0,6.74,50.0,50.0,5000.0,2,2592.0,73.0,19
131,4.2,1.0,0,0,4.0,64.0,6,6.5,8.0,5.0,5000.0,4,7986.0,421.0,19
79,4.2,1.0,0,0,8.0,128.0,8,6.7,50.0,32.0,5000.0,3,5501.0,753.0,19
20,4.5,1.0,0,0,3.0,32.0,5,6.52,13.0,5.0,5000.0,4,49860.0,1899.0,19
87,4.3,1.0,1,0,8.0,256.0,3,6.67,50.0,16.0,5000.0,0,18701.0,1689.0,19
87,4.3,1.0,1,0,8.0,128.0,3,6.67,50.0,16.0,5000.0,0,18701.0,1689.0,19
79,4.2,1.0,0,0,8.0,128.0,8,6.7,50.0,32.0,5000.0,3,5501.0,753.0,19
58,4.3,1.0,0,0,4.0,64.0,5,6.74,50.0,5.0,5000.0,4,91256.0,3757.0,19
20,4.4,1.0,0,0,4.0,64.0,5,6.52,13.0,5.0,5000.0,4,67742.0,3017.0,19
20,4.4,1.0,0,0,4.0,64.0,5,6.52,13.0,5.0,5000.0,4,67742.0,3017.0,19
73,4.2,1.0,0,0,4.0,64.0,3,6.4,50.0,16.0,5000.0,1,27270.0,2222.0,19
131,4.5,1.0,0,0,2.0,32.0,0,6.5,8.0,5.0,5000.0,2,125650.0,4918.0,19
131,4.5,1.0,0,0,2.0,32.0,0,6.5,8.0,5.0,5000.0,2,125650.0,4918.0,19
71,4.4,1.0,0,0,4.0,64.0,6,6.5,50.0,8.0,6000.0,1,345038.0,21947.0,19
7,4.4,1.0,1,0,6.0,128.0,3,6.72,108.0,8.0,5000.0,0,7754.0,507.0,19
131,4.2,1.0,0,0,4.0,64.0,6,6.5,8.0,5.0,5000.0,4,7986.0,421.0,19
20,4.5,1.0,0,0,3.0,32.0,5,6.52,13.0,5.0,5000.0,4,49860.0,1899.0,19
70,4.5,1.0,0,0,4.0,128.0,3,6.6,50.0,16.0,5000.0,3,134733.0,7689.0,19
20,4.5,1.0,0,0,3.0,32.0,5,6.52,13.0,5.0,5000.0,4,49860.0,1899.0,19
70,4.5,1.0,0,0,4.0,128.0,3,6.6,50.0,16.0,5000.0,3,134733.0,7689.0,19
68,4.4,1.0,0,0,4.0,64.0,3,6.6,50.0,8.0,5000.0,4,199025.0,10502.0,19
38,4.5,1.0,1,0,4.0,64.0,3,6.5,48.0,16.0,5000.0,0,43436.0,2377.0,19
38,4.5,1.0,1,0,4.0,64.0,3,6.5,48.0,16.0,5000.0,0,43436.0,2377.0,19
131,4.2,1.0,0,0,2.0,32.0,6,6.5,8.0,5.0,5000.0,4,112606.0,5736.0,19
131,4.2,1.0,0,0,2.0,32.0,6,6.5,8.0,5.0,5000.0,4,112606.0,5736.0,19
21,4.5,1.0,0,0,4.0,64.0,6,6.5,13.0,5.0,5000.0,4,257201.0,9435.0,19
131,4.4,1.0,0,0,2.0,32.0,6,6.5,8.0,5.0,5000.0,4,7117.0,245.0,19
73,4.3,1.0,0,0,8.0,128.0,3,6.4,50.0,16.0,5000.0,1,12759.0,865.0,19
20,4.5,1.0,0,0,3.0,32.0,5,6.52,13.0,5.0,5000.0,4,49860.0,1899.0,19
87,4.3,1.0,0,0,8.0,128.0,2,6.62,50.0,16.0,5000.0,3,21589.0,2319.0,19
20,4.4,1.0,0,0,4.0,64.0,5,6.52,13.0,5.0,5000.0,4,67742.0,3017.0,19
20,4.4,1.0,0,0,4.0,64.0,5,6.52,13.0,5.0,5000.0,4,67742.0,3017.0,19
71,4.4,1.0,0,0,4.0,64.0,6,6.5,50.0,8.0,6000.0,1,345038.0,21947.0,19
7,4.4,1.0,1,0,6.0,128.0,3,6.72,108.0,8.0,5000.0,0,7754.0,507.0,19
73,4.2,1.0,0,0,4.0,64.0,3,6.4,50.0,16.0,5000.0,1,27270.0,2222.0,19
131,4.3,1.0,0,0,4.0,64.0,0,6.5,8.0,5.0,5000.0,2,64196.0,3473.0,19
70,4.5,1.0,0,0,4.0,128.0,3,6.6,50.0,16.0,5000.0,3,134733.0,7689.0,19
38,4.5,1.0,1,0,4.0,64.0,3,6.5,48.0,16.0,5000.0,0,43436.0,2377.0,19
68,4.4,1.0,0,0,4.0,128.0,3,6.6,50.0,8.0,5000.0,4,199025.0,10502.0,19
68,4.4,1.0,0,0,4.0,64.0,3,6.6,50.0,8.0,5000.0,4,199025.0,10502.0,19
68,4.3,1.0,0,0,6.0,128.0,3,6.6,50.0,8.0,5000.0,4,17913.0,1001.0,19
68,4.3,1.0,0,0,6.0,128.0,3,6.6,50.0,8.0,5000.0,4,17913.0,1001.0,19
70,4.5,1.0,0,0,4.0,128.0,3,6.6,50.0,16.0,5000.0,3,134733.0,7689.0,19
68,4.4,1.0,0,0,4.0,64.0,3,6.6,50.0,8.0,5000.0,4,199025.0,10502.0,19
70,4.5,1.0,0,0,6.0,128.0,3,6.6,50.0,16.0,5000.0,3,27691.0,1587.0,19
73,4.2,1.0,0,0,4.0,64.0,3,6.4,50.0,16.0,5000.0,1,27270.0,2222.0,19
26,4.4,1.0,0,0,4.0,64.0,6,6.52,13.0,8.0,6000.0,3,67601.0,3474.0,19
70,4.5,1.0,0,0,6.0,128.0,3,6.6,50.0,16.0,5000.0,3,27691.0,1587.0,19
131,4.2,1.0,0,0,2.0,32.0,6,6.5,8.0,5.0,5000.0,4,112606.0,5736.0,19
7,4.3,1.0,1,0,8.0,128.0,3,6.72,108.0,8.0,5000.0,0,2331.0,122.0,19
131,4.2,1.0,0,0,2.0,32.0,6,6.5,8.0,5.0,5000.0,4,112606.0,5736.0,19
38,4.5,1.0,1,0,4.0,64.0,3,6.5,48.0,16.0,5000.0,0,43436.0,2377.0,19
87,4.2,1.0,0,0,8.0,256.0,3,6.7,50.0,16.0,5000.0,0,1766.0,227.0,19
131,4.5,1.0,0,0,2.0,32.0,0,6.5,8.0,5.0,5000.0,2,125650.0,4918.0,19
21,4.5,1.0,0,0,4.0,64.0,6,6.5,13.0,5.0,5000.0,4,257201.0,9435.0,19
21,4.5,1.0,0,0,4.0,64.0,6,6.5,13.0,5.0,5000.0,4,257201.0,9435.0,19
68,4.4,1.0,0,0,4.0,128.0,3,6.6,50.0,8.0,5000.0,4,199025.0,10502.0,19
131,4.2,1.0,0,0,2.0,32.0,6,6.5,8.0,5.0,5000.0,4,112606.0,5736.0,19
131,4.1,1.0,0,0,3.0,32.0,6,6.5,8.0,5.0,5000.0,4,73482.0,4189.0,19
131,4.1,1.0,0,0,3.0,32.0,6,6.5,8.0,5.0,5000.0,4,73482.0,4189.0,19
131,4.5,1.0,0,0,2.0,32.0,0,6.5,8.0,5.0,5000.0,2,125650.0,4918.0,19
73,4.3,1.0,0,0,8.0,128.0,3,6.4,50.0,16.0,5000.0,1,12759.0,865.0,19
87,4.2,1.0,0,0,8.0,128.0,3,6.7,50.0,16.0,5000.0,0,1766.0,227.0,19
125,4.3,1.0,0,0,6.0,128.0,0,6.72,64.0,64.0,5000.0,2,7421.0,389.0,19
87,4.4,1.0,1,0,8.0,128.0,2,6.4,50.0,16.0,4500.0,0,35953.0,3809.0,19
124,4.2,1.0,0,0,12.0,256.0,3,6.57,64.0,32.0,4200.0,3,3187.0,346.0,19
18,4.5,1.0,0,0,4.0,64.0,6,6.52,12.0,8.0,5000.0,3,412863.0,27177.0,19
70,4.5,1.0,0,0,4.0,64.0,3,6.6,50.0,16.0,5000.0,1,175866.0,10852.0,19
71,4.4,1.0,1,0,4.0,64.0,3,6.6,50.0,8.0,5000.0,0,56580.0,2723.0,19
70,4.5,1.0,0,0,4.0,64.0,3,6.6,50.0,16.0,5000.0,1,175866.0,10852.0,19
6,4.3,1.0,1,0,8.0,256.0,3,6.72,108.0,16.0,5000.0,0,72660.0,5467.0,19
10,4.4,1.0,1,0,6.0,128.0,3,6.7,108.0,16.0,5000.0,0,35242.0,2931.0,19
87,4.4,1.0,1,0,8.0,128.0,2,6.4,50.0,16.0,4500.0,0,35953.0,3809.0,19
22,4.4,1.0,0,0,4.0,128.0,6,6.5,13.0,8.0,6000.0,1,53534.0,3009.0,19
9,4.4,1.0,0,0,8.0,128.0,3,6.4,108.0,16.0,4500.0,3,40815.0,3347.0,19
26,4.3,1.0,0,0,3.0,32.0,6,6.52,13.0,8.0,6000.0,3,4832.0,304.0,19
18,4.5,1.0,0,0,4.0,128.0,6,6.52,12.0,8.0,5000.0,3,412863.0,27177.0,19
122,4.4,1.0,0,0,8.0,128.0,3,6.43,64.0,32.0,4300.0,3,63789.0,6667.0,19
131,4.4,1.0,0,0,2.0,32.0,6,6.5,8.0,5.0,5000.0,2,238746.0,10128.0,19
71,4.4,1.0,0,0,4.0,64.0,6,6.5,50.0,8.0,5000.0,4,139811.0,5845.0,19
87,4.4,1.0,1,0,8.0,256.0,2,6.4,50.0,16.0,4500.0,0,35953.0,3809.0,19
87,4.4,1.0,1,0,8.0,256.0,2,6.4,50.0,16.0,4500.0,0,35953.0,3809.0,19
112,4.4,1.0,1,0,6.0,128.0,3,6.5,64.0,16.0,5000.0,0,78241.0,6172.0,19
70,4.4,1.0,0,0,6.0,128.0,3,6.6,50.0,16.0,5000.0,1,70874.0,4842.0,19
112,4.4,1.0,1,0,8.0,128.0,3,6.5,64.0,16.0,5000.0,0,54759.0,4778.0,19
10,4.4,1.0,0,0,8.0,128.0,2,6.4,108.0,16.0,5000.0,3,28387.0,2025.0,19
38,4.3,1.0,1,0,4.0,64.0,3,6.5,48.0,16.0,5000.0,0,78532.0,6066.0,19
10,4.4,1.0,0,0,6.0,128.0,2,6.4,108.0,16.0,5000.0,3,67965.0,4684.0,19
10,4.4,1.0,1,0,8.0,128.0,3,6.7,108.0,16.0,5000.0,0,26469.0,2116.0,19
10,4.4,1.0,0,0,8.0,128.0,2,6.4,108.0,16.0,5000.0,3,28387.0,2025.0,19
101,4.3,1.0,1,0,8.0,128.0,2,6.67,50.0,16.0,5000.0,2,1672.0,87.0,19
100,4.1,1.0,0,0,4.0,64.0,0,6.74,50.0,50.0,5000.0,2,2592.0,73.0,19
100,4.4,1.0,1,0,8.0,256.0,0,6.67,50.0,50.0,5000.0,2,5111.0,334.0,19
70,4.5,1.0,0,0,4.0,64.0,3,6.6,50.0,16.0,5000.0,3,134733.0,7689.0,19
125,4.3,1.0,0,0,4.0,64.0,0,6.72,64.0,64.0,5000.0,2,2915.0,159.0,19
10,4.4,1.0,1,0,8.0,128.0,3,6.7,108.0,16.0,5000.0,0,26469.0,2116.0,19
10,4.4,1.0,0,0,8.0,128.0,2,6.4,108.0,16.0,5000.0,3,28387.0,2025.0,19
38,4.3,1.0,1,0,4.0,64.0,3,6.5,48.0,16.0,5000.0,0,78532.0,6066.0,19
47,4.3,1.0,0,0,4.0,64.0,6,6.52,48.0,8.0,6000.0,1,526915.0,38878.0,19
131,4.3,1.0,0,0,4.0,64.0,6,6.5,8.0,5.0,5000.0,2,213179.0,11229.0,19
22,4.4,1.0,0,0,4.0,64.0,6,6.5,13.0,8.0,6000.0,1,53534.0,3009.0,19
38,4.5,1.0,1,0,4.0,64.0,3,6.5,48.0,16.0,5000.0,0,43436.0,2377.0,19
115,4.3,1.0,0,0,6.0,64.0,3,6.72,64.0,8.0,5000.0,1,19734.0,1214.0,19
60,4.4,1.0,0,0,4.0,64.0,6,6.5,50.0,5.0,5000.0,4,24493.0,881.0,19
60,4.4,1.0,0,0,4.0,64.0,6,6.5,50.0,5.0,5000.0,4,24493.0,881.0,19
47,4.3,1.0,0,0,4.0,128.0,6,6.52,48.0,8.0,6000.0,1,526915.0,38878.0,19
10,4.4,1.0,0,0,8.0,128.0,2,6.4,108.0,16.0,5000.0,3,28387.0,2025.0,19
115,4.4,1.0,0,0,8.0,128.0,3,6.72,64.0,8.0,5000.0,1,32847.0,1792.0,19
71,4.3,1.0,1,0,6.0,128.0,3,6.6,50.0,8.0,5000.0,0,11397.0,731.0,19
131,4.4,1.0,0,0,2.0,32.0,6,6.5,8.0,5.0,5000.0,4,7117.0,245.0,19
38,4.3,1.0,0,0,6.0,128.0,3,6.5,48.0,16.0,5000.0,1,78980.0,6064.0,19
102,4.3,1.0,1,0,4.0,128.0,0,6.72,50.0,7.0,5000.0,2,6275.0,317.0,19
131,4.1,1.0,0,0,3.0,32.0,6,6.5,8.0,5.0,5000.0,4,73482.0,4189.0,19
38,4.3,1.0,0,0,6.0,128.0,3,6.5,48.0,16.0,5000.0,1,78980.0,6064.0,19
79,4.3,1.0,0,0,12.0,256.0,8,6.7,50.0,32.0,5000.0,3,2158.0,315.0,19
47,4.3,1.0,0,0,4.0,128.0,6,6.52,48.0,8.0,6000.0,1,526915.0,38878.0,19
115,4.4,1.0,0,0,8.0,128.0,3,6.72,64.0,8.0,5000.0,1,32847.0,1792.0,19
115,4.4,1.0,0,0,8.0,128.0,3,6.72,64.0,8.0,5000.0,1,32847.0,1792.0,19
79,4.3,1.0,0,0,12.0,256.0,8,6.7,50.0,32.0,5000.0,3,2158.0,315.0,19
16,4.4,1.0,0,0,3.0,32.0,6,6.52,12.0,5.0,5000.0,1,147178.0,10699.0,19
79,4.2,1.0,0,0,8.0,128.0,8,6.7,50.0,32.0,5000.0,3,5501.0,753.0,19
41,4.5,1.0,0,0,8.0,128.0,3,6.53,48.0,16.0,3765.0,3,43629.0,5178.0,19
71,4.4,1.0,0,0,4.0,64.0,6,6.5,50.0,8.0,5000.0,4,139811.0,5845.0,19
79,4.2,1.0,0,0,8.0,128.0,8,6.7,50.0,32.0,5000.0,3,5501.0,753.0,19
87,4.3,1.0,0,0,8.0,128.0,2,6.62,50.0,16.0,5000.0,3,21589.0,2319.0,19
71,4.4,1.0,0,0,4.0,128.0,6,6.5,50.0,8.0,5000.0,4,139811.0,5845.0,19
38,4.4,1.0,1,0,6.0,128.0,3,6.5,48.0,16.0,5000.0,0,53058.0,3237.0,19
79,4.3,1.0,0,0,12.0,256.0,8,6.7,50.0,32.0,5000.0,3,2158.0,315.0,19
18,4.5,1.0,0,0,4.0,64.0,6,6.52,12.0,8.0,5000.0,3,412863.0,27177.0,19
87,4.2,1.0,0,0,8.0,128.0,3,6.7,50.0,16.0,5000.0,0,1766.0,227.0,19
38,4.4,1.0,1,0,6.0,128.0,3,6.5,48.0,16.0,5000.0,0,53058.0,3237.0,19
26,4.3,1.0,0,0,3.0,32.0,6,6.52,13.0,8.0,6000.0,1,56629.0,3793.0,19
87,4.2,1.0,0,0,8.0,256.0,3,6.7,50.0,16.0,5000.0,0,1766.0,227.0,19
117,4.4,1.0,0,0,4.0,64.0,3,6.5,64.0,16.0,4300.0,1,86731.0,8886.0,19
38,4.3,1.0,1,0,4.0,64.0,3,6.5,48.0,16.0,5000.0,0,78532.0,6066.0,19
44,4.4,1.0,0,0,4.0,64.0,3,6.5,48.0,16.0,4300.0,1,60906.0,6253.0,19
120,4.4,1.0,0,0,8.0,128.0,3,6.62,64.0,16.0,5000.0,3,18458.0,2460.0,19
120,4.4,1.0,0,0,8.0,128.0,3,6.62,64.0,16.0,5000.0,3,18458.0,2460.0,19
125,4.3,1.0,0,0,6.0,128.0,0,6.72,64.0,64.0,5000.0,2,7421.0,389.0,19
44,4.4,1.0,0,0,6.0,64.0,3,6.5,48.0,16.0,4300.0,1,88338.0,7673.0,19
31,4.5,1.0,0,0,8.0,128.0,3,6.3,16.0,16.0,3500.0,3,38013.0,4683.0,19
71,4.3,1.0,1,0,6.0,128.0,3,6.6,50.0,8.0,5000.0,0,11397.0,731.0,19
105,4.1,1.0,0,0,4.0,64.0,3,6.6,50.0,8.0,5000.0,2,1787.0,81.0,19
71,4.4,1.0,1,0,4.0,64.0,3,6.6,50.0,8.0,5000.0,0,56580.0,2723.0,19
22,4.4,1.0,0,0,4.0,64.0,6,6.5,13.0,8.0,6000.0,1,53534.0,3009.0,19
9,4.4,1.0,0,0,6.0,128.0,3,6.4,108.0,16.0,4500.0,3,69363.0,6274.0,19
60,4.4,1.0,0,0,4.0,128.0,6,6.5,50.0,5.0,5000.0,4,24493.0,881.0,19
122,4.4,1.0,0,0,8.0,128.0,3,6.43,64.0,32.0,4300.0,3,63789.0,6667.0,19
122,4.4,1.0,0,0,8.0,128.0,3,6.43,64.0,32.0,4300.0,3,63789.0,6667.0,19
21,4.4,1.0,0,0,3.0,32.0,6,6.52,13.0,5.0,6000.0,1,325754.0,19206.0,19
122,4.4,1.0,0,0,6.0,128.0,3,6.43,64.0,32.0,4300.0,3,47422.0,5000.0,19
21,4.4,1.0,0,0,3.0,32.0,6,6.52,13.0,5.0,6000.0,1,325754.0,19206.0,19
22,4.4,1.0,0,0,4.0,128.0,6,6.5,13.0,8.0,6000.0,1,53534.0,3009.0,19
100,4.3,1.0,1,0,6.0,128.0,0,6.72,50.0,50.0,5000.0,2,9137.0,504.0,19
10,4.4,1.0,0,0,6.0,128.0,2,6.4,108.0,16.0,5000.0,3,67965.0,4684.0,19
50,4.2,1.0,1,0,8.0,128.0,0,6.4,48.0,48.0,5000.0,0,318.0,27.0,19
50,4.2,1.0,1,0,6.0,128.0,0,6.4,48.0,48.0,5000.0,0,624.0,69.0,19
38,4.3,1.0,0,0,6.0,64.0,3,6.5,48.0,16.0,5000.0,1,78980.0,6064.0,19
51,4.2,1.0,1,0,6.0,128.0,0,6.4,48.0,16.0,5000.0,0,624.0,69.0,19
50,4.2,1.0,1,0,8.0,128.0,0,6.4,48.0,48.0,5000.0,0,318.0,27.0,19
70,4.3,1.0,0,0,6.0,128.0,3,6.6,50.0,16.0,5000.0,1,14388.0,902.0,19
70,4.4,1.0,0,0,4.0,64.0,3,6.6,50.0,16.0,5000.0,1,18589.0,1143.0,19
119,4.5,1.0,0,0,6.0,128.0,3,6.4,64.0,32.0,4000.0,3,22577.0,2530.0,19
70,4.4,1.0,0,0,4.0,64.0,3,6.6,50.0,16.0,5000.0,1,18589.0,1143.0,19
87,4.3,1.0,0,0,8.0,128.0,2,6.62,50.0,16.0,5000.0,3,21589.0,2319.0,19
23,4.5,1.0,0,0,3.0,64.0,6,6.22,13.0,13.0,4230.0,1,455717.0,43209.0,19
120,4.3,1.0,0,0,8.0,128.0,2,6.62,64.0,16.0,5000.0,3,16081.0,1512.0,19
120,4.3,1.0,0,0,6.0,128.0,2,6.62,64.0,16.0,5000.0,3,23370.0,2344.0,19
120,4.3,1.0,0,0,6.0,128.0,2,6.62,64.0,16.0,5000.0,3,23370.0,2344.0,19
117,4.3,1.0,0,0,4.0,64.0,6,6.5,64.0,16.0,5000.0,3,313529.0,21759.0,19
117,4.4,1.0,0,0,8.0,128.0,3,6.4,64.0,16.0,5000.0,1,97273.0,8359.0,19
117,4.4,1.0,0,0,8.0,128.0,3,6.4,64.0,16.0,5000.0,1,97273.0,8359.0,19
124,4.2,1.0,0,0,12.0,256.0,3,6.57,64.0,32.0,4200.0,3,3187.0,346.0,19
124,4.3,1.0,0,0,8.0,256.0,3,6.57,64.0,32.0,4200.0,3,11248.0,1170.0,19
124,4.3,1.0,0,0,8.0,128.0,3,6.57,64.0,32.0,4200.0,3,11248.0,1170.0,19
42,4.5,1.0,0,0,6.0,64.0,3,6.3,48.0,16.0,4035.0,3,117170.0,11049.0,19
42,4.5,1.0,0,0,6.0,64.0,3,6.3,48.0,16.0,4035.0,3,117170.0,11049.0,19
42,4.5,1.0,0,0,4.0,64.0,3,6.3,48.0,16.0,4035.0,3,146866.0,13959.0,19
15,4.4,1.0,0,0,4.0,64.0,6,6.5,12.0,8.0,5000.0,3,216901.0,13078.0,19
109,4.4,1.0,0,0,6.0,64.0,3,6.6,64.0,16.0,4300.0,2,61232.0,6493.0,19
124,4.3,1.0,0,0,8.0,256.0,3,6.57,64.0,32.0,4200.0,3,11248.0,1170.0,19
120,4.3,1.0,0,0,6.0,128.0,2,6.62,64.0,16.0,5000.0,3,23370.0,2344.0,19
120,4.3,1.0,0,0,8.0,128.0,2,6.62,64.0,16.0,5000.0,3,16081.0,1512.0,19
117,4.4,1.0,0,0,6.0,128.0,3,6.4,64.0,16.0,5000.0,1,123148.0,9889.0,19
120,4.3,1.0,0,0,8.0,256.0,2,6.62,64.0,16.0,5000.0,3,16081.0,1512.0,19
110,4.4,1.0,0,0,12.0,256.0,3,6.44,64.0,32.0,4200.0,3,1673.0,187.0,19
15,4.4,1.0,0,0,4.0,64.0,6,6.5,12.0,8.0,5000.0,3,216901.0,13078.0,19
117,4.4,1.0,0,0,6.0,128.0,3,6.4,64.0,16.0,5000.0,1,123148.0,9889.0,19
120,4.3,1.0,0,0,8.0,128.0,2,6.62,64.0,16.0,5000.0,3,16081.0,1512.0,19
120,4.3,1.0,0,0,6.0,128.0,2,6.62,64.0,16.0,5000.0,3,23370.0,2344.0,19
109,4.4,1.0,0,0,6.0,64.0,3,6.6,64.0,16.0,4300.0,2,61232.0,6493.0,19
50,4.3,1.0,1,0,4.0,64.0,0,6.6,48.0,48.0,5000.0,2,255.0,15.0,19
120,4.3,1.0,0,0,8.0,256.0,2,6.62,64.0,16.0,5000.0,3,16081.0,1512.0,19
120,4.4,1.0,1,0,6.0,128.0,3,6.6,64.0,16.0,5000.0,3,87952.0,7016.0,19
33,4.4,1.0,1,0,8.0,256.0,3,6.7,200.0,32.0,5000.0,0,58258.0,5261.0,19
1,4.3,1.0,1,0,12.0,256.0,3,6.7,100.0,16.0,5000.0,0,1932.0,171.0,19
1,4.4,1.0,1,0,8.0,128.0,3,6.7,100.0,16.0,5000.0,0,94987.0,7128.0,19
33,4.4,1.0,1,0,8.0,256.0,3,6.7,200.0,32.0,5000.0,0,58258.0,5261.0,19
33,4.4,1.0,1,0,12.0,256.0,3,6.7,200.0,32.0,5000.0,0,19403.0,1786.0,19
33,4.4,1.0,1,0,8.0,256.0,3,6.7,200.0,32.0,5000.0,0,58258.0,5261.0,19
1,4.4,1.0,1,0,8.0,128.0,3,6.7,100.0,16.0,5000.0,0,94987.0,7128.0,19
1,4.4,1.0,1,0,8.0,128.0,3,6.7,100.0,16.0,5000.0,0,94987.0,7128.0,19
60,4.4,1.0,0,0,3.0,32.0,6,6.5,50.0,5.0,5000.0,4,27977.0,1061.0,19
60,4.4,1.0,0,0,4.0,64.0,6,6.5,50.0,5.0,5000.0,4,74295.0,3057.0,19
117,4.4,1.0,0,0,4.0,128.0,3,6.4,64.0,16.0,5000.0,1,126163.0,10805.0,19
6,4.3,1.0,1,0,6.0,128.0,3,6.72,108.0,16.0,5000.0,3,44157.0,3037.0,19
60,4.4,1.0,0,0,3.0,32.0,6,6.5,50.0,5.0,5000.0,4,27977.0,1061.0,19
6,4.3,1.0,1,0,8.0,128.0,3,6.72,108.0,16.0,5000.0,3,40906.0,2835.0,19
6,4.3,1.0,1,0,6.0,128.0,3,6.72,108.0,16.0,5000.0,3,44157.0,3037.0,19
131,4.4,1.0,0,0,2.0,32.0,6,6.5,8.0,5.0,5000.0,4,7117.0,245.0,19
120,4.3,1.0,0,0,8.0,256.0,2,6.62,64.0,16.0,5000.0,3,16081.0,1512.0,19
131,4.4,1.0,0,0,2.0,32.0,6,6.5,8.0,5.0,5000.0,4,7117.0,245.0,19
71,4.4,1.0,1,0,4.0,64.0,3,6.6,50.0,8.0,5000.0,0,56580.0,2723.0,19
102,4.3,1.0,1,0,4.0,128.0,0,6.72,50.0,7.0,5000.0,2,6275.0,317.0,19
131,4.2,1.0,0,0,4.0,64.0,6,6.5,8.0,5.0,5000.0,4,7986.0,421.0,19
76,4.4,1.0,1,0,4.0,128.0,3,6.72,50.0,8.0,5000.0,0,11875.0,1145.0,19
94,4.4,1.0,1,0,12.0,256.0,3,6.7,64.0,32.0,5000.0,3,23468.0,2785.0,19
94,4.4,1.0,1,0,8.0,128.0,3,6.7,64.0,32.0,5000.0,3,23468.0,2785.0,19
94,4.2,1.0,1,0,8.0,128.0,3,6.7,64.0,32.0,5000.0,3,484.0,19.0,19
105,4.2,1.0,1,0,4.0,64.0,6,6.67,50.0,8.0,5000.0,0,3907.0,183.0,19
105,4.3,1.0,1,0,4.0,64.0,6,6.67,50.0,8.0,5000.0,0,1050.0,78.0,19
100,4.3,1.0,1,0,6.0,128.0,2,6.67,50.0,50.0,5000.0,2,1194.0,150.0,19
73,4.3,1.0,1,0,8.0,256.0,3,6.67,50.0,16.0,5000.0,0,1194.0,150.0,19
73,4.4,1.0,1,0,8.0,256.0,3,6.67,50.0,16.0,5000.0,0,5111.0,334.0,19
100,4.1,1.0,1,0,8.0,256.0,0,6.67,50.0,50.0,5000.0,2,94.0,6.0,19
73,4.3,1.0,1,0,12.0,256.0,3,6.67,50.0,16.0,5000.0,0,449.0,31.0,19
88,4.3,1.0,1,0,12.0,256.0,3,6.7,50.0,32.0,5200.0,3,449.0,31.0,19
88,4.5,1.0,1,0,12.0,256.0,3,6.7,50.0,32.0,5200.0,3,1667.0,114.0,19
7,4.3,1.0,0,0,6.0,64.0,5,6.74,108.0,8.0,5000.0,4,612.0,104.0,19
120,4.3,1.0,1,0,12.0,256.0,3,6.43,64.0,16.0,4500.0,3,13403.0,1831.0,19
120,4.3,1.0,0,0,12.0,256.0,3,6.43,64.0,16.0,4500.0,0,40906.0,2835.0,19
6,4.4,1.0,1,0,8.0,128.0,3,6.72,108.0,16.0,5000.0,3,409113.0,42080.0,19
24,4.5,1.0,0,0,2.0,32.0,6,6.2,13.0,5.0,4230.0,3,31292.0,3565.0,19
109,4.6,1.0,0,0,8.0,128.0,3,6.6,64.0,16.0,4300.0,2,7964.0,1198.0,19
111,4.4,1.0,0,0,12.0,256.0,3,6.5,64.0,16.0,4000.0,3,29715.0,2346.0,19
38,4.5,1.0,1,0,6.0,128.0,3,6.6,48.0,16.0,5000.0,3,20814.0,3230.0,19
111,4.5,1.0,0,0,8.0,128.0,3,6.5,64.0,16.0,4000.0,3,43629.0,5178.0,19
41,4.4,1.0,0,0,8.0,128.0,3,6.53,48.0,16.0,3765.0,3,61232.0,6493.0,19
131,4.4,1.0,0,0,2.0,32.0,6,6.5,8.0,5.0,5000.0,1,302334.0,14028.0,19
109,4.3,1.0,0,0,6.0,128.0,3,6.6,64.0,16.0,4300.0,2,60537.0,5771.0,19
131,4.3,1.0,0,0,2.0,32.0,6,6.5,8.0,5.0,5000.0,1,29576.0,2717.0,19
46,4.3,1.0,1,0,6.0,64.0,3,6.5,48.0,16.0,5000.0,0,29576.0,2717.0,19
46,4.3,1.0,1,0,8.0,128.0,3,6.5,48.0,16.0,5000.0,0,60537.0,5771.0,19
46,4.4,1.0,1,0,8.0,128.0,3,6.5,48.0,16.0,5000.0,0,917281.0,70654.0,19
46,4.2,1.0,1,0,6.0,64.0,3,6.5,48.0,16.0,5000.0,0,112606.0,5736.0,19
24,4.4,1.0,0,0,2.0,32.0,6,6.1,13.0,5.0,4000.0,2,192373.0,17281.0,19
131,4.4,1.0,0,0,3.0,32.0,6,6.5,8.0,5.0,5000.0,4,44799.0,2282.0,13
131,4.4,1.0,0,0,2.0,32.0,6,6.5,8.0,5.0,5000.0,4,917281.0,70654.0,13
117,4.3,1.0,0,0,6.0,64.0,3,6.5,64.0,16.0,4300.0,1,25384.0,2387.0,19
22,4.4,1.0,0,0,4.0,64.0,6,6.5,13.0,8.0,6000.0,1,334842.0,29716.0,19
24,4.4,1.0,0,0,2.0,32.0,6,6.1,13.0,5.0,4000.0,2,5349.0,718.0,19
120,4.4,1.0,1,0,8.0,128.0,3,6.43,64.0,16.0,4310.0,0,345038.0,21947.0,19
120,4.3,1.0,0,0,12.0,256.0,3,6.62,64.0,16.0,5000.0,3,51185.0,4060.0,19
71,4.4,1.0,0,0,4.0,64.0,6,6.5,50.0,8.0,6000.0,1,334842.0,29716.0,19
44,4.4,1.0,0,0,8.0,128.0,3,6.5,48.0,16.0,4500.0,1,345038.0,21947.0,19
73,4.4,1.0,1,0,12.0,256.0,3,6.72,50.0,16.0,5000.0,0,334842.0,29716.0,19
44,4.3,1.0,0,0,8.0,128.0,3,6.5,48.0,16.0,4500.0,1,17913.0,1001.0,19
73,4.5,1.0,1,0,12.0,256.0,3,6.72,50.0,16.0,5000.0,0,269440.0,21395.0,19
71,4.4,1.0,0,0,4.0,128.0,6,6.5,50.0,8.0,6000.0,1,107480.0,8906.0,19
68,4.4,1.0,0,0,6.0,128.0,3,6.6,50.0,8.0,5000.0,4,192890.0,13281.0,19
125,4.1,1.0,0,0,6.0,128.0,0,6.72,64.0,64.0,5000.0,2,1787.0,81.0,19
38,4.4,1.0,0,0,4.0,64.0,3,6.5,48.0,16.0,5000.0,1,70821.0,5639.0,19
120,4.4,1.0,0,0,12.0,256.0,3,6.62,64.0,16.0,5000.0,3,70821.0,5639.0,19
16,4.3,1.0,0,0,4.0,64.0,6,6.52,12.0,5.0,5000.0,1,78532.0,6066.0,19
120,4.3,1.0,0,0,8.0,128.0,3,6.62,64.0,16.0,5000.0,3,78532.0,6066.0,19
38,4.3,1.0,1,0,8.0,128.0,3,6.5,48.0,16.0,5000.0,0,7421.0,389.0,19
38,4.3,1.0,1,0,8.0,128.0,3,6.5,48.0,16.0,5000.0,0,449.0,31.0,19
38,4.3,1.0,1,0,4.0,128.0,3,6.5,48.0,16.0,5000.0,0,612.0,104.0,19
38,4.1,1.0,1,0,4.0,128.0,3,6.5,48.0,16.0,5000.0,0,25100.0,1596.0,19
87,4.5,1.0,1,0,8.0,128.0,2,6.4,50.0,16.0,4500.0,0,1667.0,114.0,19
125,4.4,1.0,0,0,6.0,128.0,0,6.72,64.0,64.0,5000.0,2,133352.0,5947.0,19
88,4.3,1.0,1,0,12.0,256.0,3,6.7,50.0,32.0,5200.0,3,91256.0,3757.0,19
120,4.3,1.0,1,0,12.0,256.0,3,6.43,64.0,16.0,4500.0,3,72660.0,5467.0,19
7,4.3,1.0,0,0,4.0,128.0,5,6.74,108.0,8.0,5000.0,4,72660.0,5467.0,19
7,4.5,1.0,0,0,6.0,64.0,5,6.74,108.0,8.0,5000.0,4,1667.0,114.0,19
58,4.3,1.0,0,0,4.0,64.0,5,6.74,50.0,5.0,5000.0,4,19558.0,1248.0,19
6,4.4,1.0,1,0,8.0,256.0,3,6.72,108.0,16.0,5000.0,0,26469.0,2116.0,19
6,4.4,1.0,1,0,8.0,128.0,3,6.72,108.0,16.0,5000.0,0,26469.0,2116.0,19
105,4.4,1.0,0,0,4.0,128.0,0,6.74,50.0,8.0,5000.0,2,26469.0,2116.0,19
115,4.1,1.0,1,0,8.0,128.0,3,6.72,64.0,8.0,5000.0,0,25100.0,1596.0,19
10,4.3,1.0,1,0,8.0,256.0,3,6.7,108.0,16.0,5000.0,0,19558.0,1248.0,19
10,4.4,1.0,1,0,8.0,256.0,3,6.7,108.0,16.0,5000.0,0,137545.0,8428.0,19
10,4.4,1.0,1,0,8.0,256.0,3,6.7,108.0,16.0,5000.0,0,112356.0,6269.0,19
10,4.4,1.0,1,0,8.0,128.0,3,6.7,108.0,16.0,5000.0,0,137545.0,8428.0,19
7,4.3,1.0,0,0,4.0,128.0,5,6.74,108.0,8.0,5000.0,4,91256.0,3757.0,19
115,4.4,1.0,1,0,8.0,128.0,3,6.72,64.0,8.0,5000.0,0,1878.0,229.0,19
115,4.4,1.0,1,0,6.0,128.0,3,6.72,64.0,8.0,5000.0,0,112356.0,6269.0,19
115,4.3,1.0,0,0,4.0,64.0,3,6.72,64.0,8.0,5000.0,1,1341.0,105.0,19
115,4.3,1.0,1,0,6.0,128.0,3,6.72,64.0,8.0,5000.0,0,78980.0,6064.0,19
58,4.4,1.0,0,0,4.0,128.0,5,6.74,50.0,5.0,5000.0,4,107480.0,8906.0,19
87,4.5,1.0,0,0,12.0,256.0,2,6.62,50.0,16.0,5000.0,3,87929.0,5071.0,19
115,4.4,1.0,0,0,4.0,64.0,3,6.72,64.0,8.0,5000.0,1,86731.0,8886.0,19
76,4.1,1.0,1,0,6.0,128.0,3,6.72,50.0,8.0,5000.0,0,1787.0,81.0,19
38,4.4,1.0,0,0,6.0,64.0,3,6.5,48.0,16.0,5000.0,1,24493.0,881.0,19
38,4.4,1.0,0,0,4.0,64.0,3,6.5,48.0,16.0,5000.0,1,80219.0,6517.0,19
14,4.4,1.0,0,0,4.0,64.0,6,6.52,12.0,5.0,5000.0,1,147178.0,10699.0,19
117,4.1,1.0,0,0,4.0,64.0,3,6.5,64.0,16.0,4300.0,1,1787.0,81.0,19
100,4.4,1.0,0,0,4.0,128.0,0,6.6,50.0,50.0,5000.0,2,11324.0,536.0,19
60,4.4,1.0,0,0,4.0,128.0,6,6.5,50.0,5.0,5000.0,4,11324.0,536.0,19
23,4.4,1.0,0,0,4.0,64.0,6,6.22,13.0,13.0,4230.0,1,88338.0,7673.0,19
16,4.4,1.0,0,0,3.0,32.0,6,6.52,12.0,5.0,5000.0,1,60906.0,6253.0,19
100,4.4,1.0,0,0,4.0,128.0,0,6.6,50.0,50.0,5000.0,2,155.0,10.0,19
21,4.3,1.0,0,0,4.0,64.0,6,6.52,13.0,5.0,6000.0,1,255.0,15.0,19
21,4.3,1.0,0,0,4.0,64.0,6,6.52,13.0,5.0,6000.0,1,8364.0,514.0,19
44,4.3,1.0,0,0,6.0,64.0,3,6.5,48.0,16.0,4300.0,1,255.0,15.0,19
44,4.4,1.0,0,0,4.0,64.0,3,6.5,48.0,16.0,4300.0,1,155.0,10.0,19
50,4.5,1.0,1,0,6.0,128.0,0,6.6,48.0,48.0,5000.0,2,469231.0,48770.0,19
50,4.5,1.0,1,0,4.0,64.0,0,6.6,48.0,48.0,5000.0,2,469231.0,48770.0,19
3,4.3,1.0,0,0,8.0,256.0,3,6.78,108.0,32.0,5000.0,0,10761.0,872.0,3
4,4.3,1.0,1,0,12.0,256.0,3,6.78,108.0,8.0,5000.0,0,14921.0,939.0,3
3,4.2,1.0,1,0,8.0,256.0,3,6.78,108.0,32.0,5000.0,0,30383.0,1977.0,3
48,4.4,1.0,1,0,8.0,128.0,6,6.7,48.0,8.0,5000.0,0,5933.0,422.0,3
3,4.2,1.0,1,0,12.0,256.0,3,6.78,108.0,32.0,4600.0,0,3048.0,257.0,3
76,4.5,1.0,1,0,8.0,128.0,3,6.72,50.0,8.0,5000.0,0,37921.0,1285.0,19
76,4.4,1.0,1,0,6.0,128.0,3,6.72,50.0,8.0,5000.0,0,89216.0,4154.0,19
76,4.1,1.0,1,0,6.0,128.0,3,6.72,50.0,8.0,5000.0,0,50023.0,1843.0,19
131,4.4,1.0,0,0,4.0,64.0,6,6.71,8.0,5.0,5000.0,1,64905.0,3090.0,11
73,4.2,1.0,1,0,8.0,128.0,6,6.5,50.0,16.0,5000.0,3,54737.0,3451.0,8
73,4.4,1.0,1,0,8.0,128.0,6,6.5,50.0,16.0,5000.0,3,50196.0,3526.0,8
73,4.3,1.0,0,0,6.0,128.0,3,6.67,50.0,16.0,5000.0,0,14921.0,939.0,0
3,4.4,1.0,0,0,8.0,256.0,3,6.78,108.0,32.0,5000.0,0,50196.0,3526.0,3
4,4.4,1.0,1,0,12.0,256.0,3,6.78,108.0,8.0,5000.0,0,6537.0,178.0,3
73,4.2,1.0,0,0,6.0,128.0,3,6.67,50.0,16.0,5000.0,0,30383.0,1977.0,0
36,4.2,1.0,0,0,6.0,128.0,6,6.745,32.0,5.0,5000.0,4,5452.0,567.0,19
3,4.3,1.0,1,0,8.0,256.0,3,6.78,108.0,32.0,5000.0,0,15275.0,990.0,3
73,4.4,1.0,1,0,4.0,128.0,6,6.5,50.0,16.0,5000.0,3,43463.0,2818.0,8
73,4.4,1.0,0,0,8.0,128.0,3,6.67,50.0,16.0,5000.0,0,50196.0,3526.0,0
73,4.3,1.0,0,0,6.0,128.0,3,6.67,50.0,16.0,5000.0,0,1976.0,148.0,0
3,4.4,1.0,1,0,8.0,256.0,3,6.78,108.0,32.0,5000.0,0,50196.0,3526.0,3
48,4.4,1.0,1,0,4.0,128.0,6,6.7,48.0,8.0,5000.0,0,15046.0,991.0,3
73,4.2,1.0,0,0,6.0,128.0,3,6.67,50.0,16.0,5000.0,0,30383.0,1977.0,0
73,4.2,1.0,0,0,8.0,128.0,3,6.67,50.0,16.0,5000.0,0,20986.0,2858.0,0
3,4.4,1.0,1,0,8.0,256.0,3,6.78,108.0,32.0,5000.0,0,15046.0,991.0,3
73,4.3,1.0,0,0,8.0,128.0,3,6.67,50.0,16.0,5000.0,0,58224.0,3476.0,0
61,4.4,1.0,1,0,8.0,256.0,3,6.1,50.0,12.0,3900.0,3,32272.0,2880.0,14
66,4.2,1.0,0,0,8.0,256.0,3,6.4,50.0,10.0,4500.0,2,706.0,102.0,14
8,4.4,1.0,1,0,12.0,512.0,3,6.78,108.0,50.0,5000.0,0,72827.0,6155.0,3
3,4.6,1.0,1,0,12.0,256.0,3,6.78,108.0,32.0,4600.0,0,61019.0,4099.0,3
54,4.3,1.0,1,0,8.0,128.0,3,6.7,50.0,32.0,5000.0,0,10761.0,872.0,9
61,4.3,1.0,1,0,8.0,128.0,3,6.1,50.0,12.0,3900.0,3,14921.0,939.0,14
3,4.5,1.0,0,0,8.0,256.0,3,6.78,108.0,32.0,5000.0,0,81132.0,5108.0,3
4,4.1,1.0,1,0,12.0,256.0,3,6.78,108.0,8.0,5000.0,0,11647.0,588.0,3
54,4.2,1.0,1,0,12.0,256.0,3,6.7,50.0,32.0,5000.0,0,5452.0,567.0,9
3,4.3,1.0,1,0,8.0,256.0,3,6.78,108.0,32.0,5000.0,0,43207.0,2242.0,3
104,4.2,1.0,1,0,6.0,128.0,6,6.74,50.0,5.0,5000.0,0,30383.0,1977.0,11
54,4.3,1.0,1,0,8.0,256.0,3,6.7,50.0,32.0,5000.0,0,1976.0,148.0,9
3,4.4,1.0,1,0,8.0,256.0,3,6.78,108.0,32.0,5000.0,0,72827.0,6155.0,3
48,4.4,1.0,1,0,4.0,128.0,6,6.7,48.0,8.0,5000.0,0,72827.0,6155.0,3
54,4.4,1.0,1,0,8.0,256.0,3,6.7,50.0,32.0,5000.0,0,72827.0,6155.0,9
54,4.3,1.0,1,0,8.0,128.0,3,6.7,50.0,32.0,5000.0,0,73772.0,3213.0,9
54,4.2,1.0,1,0,8.0,128.0,3,6.7,50.0,32.0,5000.0,0,30383.0,1977.0,9
105,4.2,1.0,0,0,4.0,128.0,6,6.74,50.0,8.0,5000.0,1,20986.0,2858.0,12
3,4.3,1.0,1,0,8.0,256.0,3,6.78,108.0,32.0,5000.0,0,14921.0,939.0,3
4,4.2,1.0,1,0,12.0,256.0,3,6.78,108.0,8.0,5000.0,0,706.0,102.0,3
61,4.2,1.0,1,0,8.0,128.0,3,6.1,50.0,12.0,3900.0,3,3048.0,257.0,14
8,4.5,1.0,1,0,12.0,512.0,3,6.78,108.0,50.0,5000.0,0,26030.0,1717.0,3
3,4.3,1.0,1,0,12.0,256.0,3,6.78,108.0,32.0,4600.0,0,3269.0,115.0,3
95,4.4,1.0,1,0,8.0,128.0,3,6.7,50.0,16.0,5000.0,3,38644.0,1968.0,19
36,4.5,1.0,0,0,4.0,64.0,6,6.745,32.0,5.0,5000.0,4,3384.0,242.0,19
61,4.3,1.0,1,0,12.0,256.0,9,6.7,50.0,12.0,4900.0,2,14921.0,939.0,14
3,4.2,1.0,0,0,8.0,256.0,3,6.78,108.0,32.0,5000.0,0,17405.0,1038.0,3
4,4.4,1.0,1,0,12.0,256.0,3,6.78,108.0,8.0,5000.0,0,3643.0,261.0,3
5,4.2,1.0,1,0,6.0,128.0,3,6.79,108.0,13.0,5030.0,3,30383.0,1977.0,11
80,4.2,1.0,0,0,12.0,256.0,3,6.7,50.0,50.0,5000.0,0,5452.0,567.0,9
3,4.4,1.0,1,0,8.0,256.0,3,6.78,108.0,32.0,5000.0,0,11595.0,947.0,3
54,4.3,1.0,1,0,12.0,256.0,3,6.7,50.0,32.0,5000.0,0,11049.0,686.0,9
61,4.4,1.0,1,0,8.0,256.0,3,6.1,50.0,12.0,3900.0,3,6602.0,486.0,14
98,4.2,1.0,0,0,4.0,128.0,6,6.6,50.0,8.0,6000.0,1,30383.0,1977.0,3
80,4.3,1.0,0,0,8.0,256.0,3,6.7,50.0,50.0,5000.0,0,1976.0,148.0,9
3,4.3,1.0,1,0,8.0,256.0,3,6.78,108.0,32.0,5000.0,0,39941.0,2601.0,3
48,4.3,1.0,1,0,4.0,128.0,6,6.7,48.0,8.0,5000.0,0,39941.0,2601.0,3
3,4.5,1.0,1,0,8.0,256.0,3,6.78,108.0,32.0,5000.0,0,26030.0,1717.0,3
95,4.4,1.0,1,0,8.0,256.0,3,6.7,50.0,16.0,5000.0,3,34954.0,1899.0,19
73,4.3,1.0,1,0,8.0,256.0,3,6.67,50.0,16.0,5000.0,0,10761.0,872.0,19
104,4.3,1.0,1,0,6.0,128.0,6,6.74,50.0,5.0,5000.0,0,14921.0,939.0,12
3,4.3,1.0,0,0,8.0,256.0,3,6.78,108.0,32.0,5000.0,0,15742.0,1075.0,3
4,4.3,1.0,1,0,12.0,256.0,3,6.78,108.0,8.0,5000.0,0,43207.0,2242.0,3
67,4.2,1.0,0,0,8.0,256.0,0,6.67,50.0,32.0,5000.0,3,30383.0,1977.0,5
104,4.2,1.0,1,0,6.0,128.0,6,6.74,50.0,5.0,5000.0,0,5452.0,567.0,11
3,4.4,1.0,1,0,8.0,256.0,3,6.78,108.0,32.0,5000.0,0,67102.0,3864.0,3
73,4.4,1.0,1,0,6.0,128.0,3,6.67,50.0,16.0,5000.0,0,2879.0,146.0,19
105,4.2,1.0,0,0,4.0,64.0,6,6.745,50.0,8.0,5000.0,4,1617.0,109.0,19
37,4.2,1.0,1,0,4.0,128.0,6,6.67,32.0,8.0,5000.0,0,30383.0,1977.0,19
4,4.3,1.0,1,0,8.0,256.0,3,6.78,108.0,8.0,5000.0,0,1976.0,148.0,3
3,4.4,1.0,1,0,8.0,256.0,3,6.78,108.0,32.0,5000.0,0,11595.0,947.0,3
48,4.3,1.0,1,0,4.0,128.0,6,6.7,48.0,8.0,5000.0,0,2078.0,91.0,3
54,4.2,1.0,1,0,12.0,256.0,3,6.7,50.0,32.0,5000.0,0,30383.0,1977.0,9
29,4.2,1.0,0,0,4.0,64.0,6,6.67,13.0,8.0,5000.0,4,20986.0,2858.0,16
3,4.3,1.0,1,0,8.0,256.0,3,6.78,108.0,32.0,5000.0,0,11049.0,686.0,3
98,4.1,1.0,0,0,4.0,128.0,6,6.6,50.0,8.0,6000.0,1,1492.0,86.0,3
92,4.1,1.0,1,0,12.0,256.0,3,6.7,50.0,32.0,5200.0,3,1492.0,86.0,19
8,4.3,1.0,1,0,12.0,512.0,3,6.78,108.0,50.0,5000.0,0,11049.0,686.0,3
3,4.4,1.0,1,0,12.0,256.0,3,6.78,108.0,32.0,4600.0,0,72827.0,6155.0,3
98,4.3,1.0,0,0,4.0,128.0,6,6.6,50.0,8.0,6000.0,1,10761.0,872.0,3
54,4.3,1.0,1,0,8.0,256.0,3,6.7,50.0,32.0,5000.0,0,14921.0,939.0,9
3,4.3,1.0,0,0,8.0,256.0,3,6.78,108.0,32.0,5000.0,0,2963.0,181.0,3
4,4.1,1.0,1,0,12.0,256.0,3,6.78,108.0,8.0,5000.0,0,3309.0,190.0,3
82,4.3,1.0,1,0,8.0,128.0,3,6.5,50.0,13.0,5000.0,0,8514.0,764.0,14
56,4.2,1.0,1,0,8.0,256.0,0,6.67,50.0,20.0,5000.0,3,30383.0,1977.0,11
3,4.2,1.0,1,0,8.0,256.0,3,6.78,108.0,32.0,5000.0,0,606.0,37.0,3
48,4.1,1.0,1,0,8.0,128.0,6,6.7,48.0,8.0,5000.0,0,3309.0,190.0,3
105,4.2,1.0,0,0,8.0,128.0,5,6.56,50.0,8.0,5000.0,4,20986.0,2858.0,18
3,4.4,1.0,1,0,12.0,256.0,3,6.78,108.0,32.0,4600.0,0,3643.0,261.0,3
80,4.4,1.0,0,0,12.0,256.0,3,6.7,50.0,50.0,5000.0,0,30582.0,2682.0,9
80,4.4,1.0,0,0,12.0,256.0,3,6.7,50.0,50.0,5000.0,0,11167.0,717.0,9
91,4.7,1.0,1,0,8.0,128.0,3,6.7,50.0,16.0,5000.0,3,3.0,1.0,19
91,4.6,1.0,1,0,12.0,256.0,3,6.7,50.0,16.0,5000.0,3,222139.0,7882.0,19
80,4.3,1.0,0,0,8.0,256.0,3,6.7,50.0,50.0,5000.0,0,6211.0,426.0,9
3,4.3,1.0,0,0,12.0,256.0,3,6.78,108.0,32.0,5000.0,0,10761.0,872.0,3
3,4.3,1.0,0,0,12.0,256.0,3,6.78,108.0,32.0,5000.0,0,14921.0,939.0,3
91,3.9,1.0,1,0,8.0,128.0,3,6.7,50.0,16.0,5000.0,3,489.0,14.0,19
5,4.5,1.0,1,0,6.0,128.0,3,6.79,108.0,13.0,5030.0,3,4388.0,399.0,12
3,4.2,1.0,0,0,8.0,256.0,3,6.78,108.0,32.0,5000.0,0,30383.0,1977.0,3
4,4.2,1.0,1,0,12.0,256.0,3,6.78,108.0,8.0,5000.0,0,5452.0,567.0,3
92,4.3,1.0,1,0,12.0,256.0,3,6.7,50.0,32.0,5200.0,3,6211.0,426.0,19
3,4.2,1.0,1,0,8.0,256.0,3,6.78,108.0,32.0,5000.0,0,1964.0,134.0,3
3,4.3,1.0,0,0,12.0,256.0,3,6.78,108.0,32.0,5000.0,0,1976.0,148.0,3
3,4.2,1.0,1,0,8.0,256.0,3,6.78,108.0,32.0,5000.0,0,30383.0,1977.0,3
48,4.2,1.0,1,0,4.0,128.0,6,6.7,48.0,8.0,5000.0,0,20986.0,2858.0,3
3,4.4,1.0,1,0,8.0,256.0,3,6.78,108.0,32.0,5000.0,0,3139.0,228.0,3
4,4.2,1.0,1,0,8.0,256.0,3,6.78,108.0,8.0,5000.0,0,706.0,102.0,3
96,4.0,1.0,1,0,12.0,512.0,3,6.7,50.0,32.0,5200.0,3,12122.0,731.0,19
92,4.3,1.0,1,0,8.0,256.0,3,6.7,50.0,32.0,5200.0,3,2078.0,91.0,19
8,4.3,1.0,1,0,12.0,512.0,3,6.78,108.0,50.0,5000.0,0,10761.0,872.0,3
3,4.3,1.0,1,0,12.0,256.0,3,6.78,108.0,32.0,4600.0,0,14921.0,939.0,3
29,3.9,1.0,0,0,4.0,64.0,6,6.67,13.0,8.0,5000.0,4,3147.0,133.0,16
3,4.1,1.0,0,0,8.0,256.0,3,6.78,108.0,32.0,5000.0,0,37604.0,2541.0,3
4,4.1,1.0,1,0,12.0,256.0,3,6.78,108.0,8.0,5000.0,0,37604.0,2541.0,3
92,4.2,1.0,1,0,12.0,512.0,3,6.7,50.0,32.0,5200.0,3,30383.0,1977.0,19
3,4.2,1.0,1,0,8.0,256.0,3,6.78,108.0,32.0,5000.0,0,30383.0,1977.0,3
56,4.3,1.0,1,0,12.0,256.0,0,6.67,50.0,20.0,5000.0,3,7149.0,886.0,11
3,4.3,1.0,1,0,8.0,256.0,3,6.78,108.0,32.0,5000.0,0,10761.0,872.0,3
48,4.3,1.0,1,0,4.0,128.0,6,6.7,48.0,8.0,5000.0,0,17145.0,1928.0,3
78,4.2,1.0,0,0,12.0,128.0,9,6.7,50.0,10.0,4926.0,2,30383.0,1977.0,1
78,4.2,1.0,0,0,12.0,128.0,9,6.7,50.0,10.0,4926.0,2,20986.0,2858.0,1
3,4.3,1.0,0,0,8.0,256.0,3,6.78,108.0,32.0,5000.0,0,17145.0,1928.0,3
65,4.0,1.0,0,0,8.0,128.0,3,6.3,50.0,10.0,4270.0,2,12122.0,731.0,1
3,4.2,1.0,1,0,8.0,256.0,3,6.78,108.0,32.0,5000.0,0,706.0,102.0,3
8,4.2,1.0,1,0,12.0,512.0,3,6.78,108.0,50.0,5000.0,0,106757.0,5165.0,3
3,4.1,1.0,1,0,12.0,256.0,3,6.78,108.0,32.0,4600.0,0,20344.0,1202.0,3
93,4.3,1.0,1,0,8.0,256.0,3,6.6,50.0,13.0,5000.0,2,10761.0,872.0,14
104,4.3,1.0,1,0,4.0,128.0,6,6.74,50.0,5.0,5000.0,0,14921.0,939.0,12
104,4.3,1.0,1,0,4.0,128.0,6,6.74,50.0,5.0,5000.0,0,8892.0,788.0,11
3,4.2,1.0,0,0,8.0,256.0,3,6.78,108.0,32.0,5000.0,0,5452.0,567.0,3
4,4.2,1.0,1,0,12.0,256.0,3,6.78,108.0,8.0,5000.0,0,30383.0,1977.0,3
120,4.3,1.0,1,0,12.0,256.0,0,6.67,64.0,16.0,5100.0,3,14549.0,1637.0,11
3,4.4,1.0,1,0,8.0,256.0,3,6.78,108.0,32.0,5000.0,0,11875.0,1145.0,3
120,4.3,1.0,1,0,12.0,512.0,0,6.67,64.0,16.0,5000.0,0,1976.0,148.0,11
5,4.2,1.0,1,0,8.0,128.0,3,6.79,108.0,13.0,5030.0,3,30383.0,1977.0,12
67,4.1,1.0,0,0,8.0,256.0,10,6.4,50.0,32.0,4310.0,0,438.0,21.0,8
94,4.1,1.0,1,0,12.0,256.0,3,6.7,64.0,32.0,5000.0,3,204.0,15.0,19
48,4.2,1.0,1,0,4.0,128.0,6,6.7,48.0,8.0,5000.0,0,20986.0,2858.0,3
3,4.2,1.0,1,0,8.0,256.0,3,6.78,108.0,32.0,5000.0,0,30383.0,1977.0,3
82,4.0,1.0,1,0,8.0,128.0,3,6.7,50.0,13.0,5000.0,0,12122.0,731.0,14
3,4.0,1.0,1,0,8.0,256.0,3,6.78,108.0,32.0,5000.0,0,24115.0,1437.0,3
34,4.3,1.0,1,0,12.0,256.0,9,6.8,200.0,12.0,5000.0,3,10761.0,872.0,14
3,4.2,1.0,0,0,8.0,256.0,3,6.78,108.0,32.0,5000.0,0,5452.0,567.0,3
4,4.2,1.0,1,0,12.0,256.0,3,6.78,108.0,8.0,5000.0,0,30383.0,1977.0,3
64,4.5,1.0,1,0,12.0,256.0,3,6.6,50.0,32.0,5000.0,2,2560.0,278.0,14
3,4.3,1.0,1,0,8.0,256.0,3,6.78,108.0,32.0,5000.0,0,581.0,56.0,3
3,4.5,1.0,1,0,8.0,256.0,3,6.78,108.0,32.0,5000.0,0,1525.0,183.0,3
92,4.3,1.0,0,0,16.0,512.0,3,6.78,50.0,32.0,5500.0,3,1976.0,148.0,19
64,4.2,1.0,1,0,8.0,256.0,3,6.6,50.0,32.0,5000.0,2,30383.0,1977.0,14
92,4.3,1.0,0,0,8.0,256.0,3,6.78,50.0,32.0,5500.0,3,8514.0,764.0,19
48,4.2,1.0,1,0,4.0,128.0,6,6.7,48.0,8.0,5000.0,0,20986.0,2858.0,3
3,4.2,1.0,1,0,8.0,256.0,3,6.78,108.0,32.0,5000.0,0,706.0,102.0,3
92,3.9,1.0,0,0,12.0,256.0,3,6.78,50.0,32.0,5500.0,3,15203.0,1416.0,19
56,4.0,1.0,1,0,8.0,256.0,0,6.67,50.0,20.0,5000.0,3,3013.0,203.0,11
8,4.5,1.0,1,0,12.0,512.0,3,6.78,108.0,50.0,5000.0,0,4388.0,399.0,3
92,4.6,1.0,1,0,12.0,512.0,3,6.7,50.0,32.0,5200.0,3,1545.0,55.0,19
105,4.2,1.0,1,0,4.0,64.0,6,6.67,50.0,8.0,5000.0,0,3918.0,183.0,19
32,4.3,1.0,1,0,8.0,128.0,0,6.67,200.0,16.0,5100.0,3,28968.0,2342.0,12
3,4.2,1.0,1,0,12.0,256.0,3,6.78,108.0,32.0,4600.0,0,3066.0,257.0,3
3,4.2,1.0,1,0,12.0,256.0,3,6.78,108.0,32.0,4600.0,0,3066.0,257.0,3
120,4.3,1.0,1,0,12.0,512.0,0,6.67,64.0,16.0,5000.0,0,14571.0,1638.0,11
131,4.0,1.0,0,0,4.0,128.0,6,6.71,8.0,5.0,5000.0,2,165.0,8.0,12
94,4.4,1.0,1,0,8.0,256.0,3,6.7,64.0,32.0,5000.0,3,23482.0,2785.0,19
82,4.1,1.0,1,0,8.0,128.0,3,6.7,50.0,13.0,5000.0,0,210.0,15.0,14
131,4.1,1.0,0,0,6.0,128.0,6,6.71,8.0,5.0,5000.0,1,1960.0,91.0,12
64,4.3,1.0,1,0,8.0,256.0,3,6.4,50.0,32.0,5000.0,2,4253.0,361.0,14
3,4.2,1.0,1,0,12.0,256.0,3,6.78,108.0,32.0,4600.0,0,3066.0,257.0,3
74,4.2,1.0,1,0,8.0,256.0,3,6.67,50.0,32.0,5000.0,0,810.0,48.0,10
120,4.3,1.0,1,0,8.0,256.0,0,6.67,64.0,16.0,5000.0,0,17819.0,1952.0,11
32,4.2,1.0,1,0,12.0,512.0,0,6.67,200.0,16.0,5000.0,0,9087.0,833.0,12
0,4.0,1.0,0,0,32.0,32.0,0,1.32,3.0,3.0,500.0,2,1705.0,77.0,18
73,4.1,1.0,1,0,12.0,256.0,3,6.67,50.0,16.0,5000.0,0,94.0,6.0,19
73,4.4,1.0,1,0,8.0,256.0,3,6.67,50.0,16.0,5000.0,0,907.0,76.0,19
32,4.3,1.0,1,0,12.0,256.0,0,6.67,200.0,16.0,5100.0,3,7452.0,556.0,12
100,4.2,1.0,1,0,6.0,128.0,3,6.56,50.0,50.0,5000.0,2,858.0,81.0,4
82,4.3,1.0,1,0,6.0,128.0,3,6.5,50.0,13.0,5000.0,0,1456.0,68.0,14
90,4.2,1.0,0,0,6.0,128.0,3,6.79,50.0,8.0,5000.0,1,69914.0,4218.0,12
100,4.3,1.0,1,0,6.0,128.0,0,6.5,50.0,50.0,6000.0,2,2438.0,114.0,14
131,4.0,1.0,0,0,4.0,128.0,6,6.71,8.0,5.0,5000.0,2,165.0,8.0,12
32,4.3,1.0,1,0,8.0,256.0,0,6.67,200.0,16.0,5100.0,3,28968.0,2342.0,12
78,4.3,1.0,0,0,12.0,128.0,9,6.7,50.0,10.0,4926.0,2,7153.0,886.0,1
32,4.3,1.0,1,0,8.0,128.0,0,6.67,200.0,16.0,5100.0,3,28968.0,2342.0,12
100,4.2,1.0,0,0,4.0,128.0,0,6.72,50.0,50.0,6000.0,2,1026.0,49.0,2
105,4.4,1.0,1,0,6.0,128.0,6,6.67,50.0,8.0,5000.0,0,10523.0,439.0,19
120,4.3,1.0,1,0,12.0,512.0,0,6.67,64.0,16.0,5000.0,0,14571.0,1638.0,11
93,4.3,1.0,1,0,8.0,256.0,3,6.6,50.0,13.0,5000.0,2,2877.0,210.0,14
128,4.2,1.0,0,0,2.0,32.0,6,6.52,8.0,5.0,5000.0,1,73226.0,3414.0,11
32,4.2,1.0,1,0,12.0,512.0,0,6.67,200.0,16.0,5000.0,0,9087.0,833.0,12
104,4.2,1.0,1,0,8.0,256.0,6,6.74,50.0,5.0,5000.0,0,18745.0,1040.0,11
82,4.2,1.0,1,0,6.0,128.0,3,6.5,50.0,13.0,6000.0,0,27212.0,2215.0,14
3,4.2,1.0,1,0,8.0,256.0,3,6.78,108.0,32.0,5000.0,0,30454.0,1986.0,3
59,4.4,1.0,1,0,6.0,128.0,3,6.56,50.0,8.0,5000.0,0,564.0,29.0,20
100,4.2,1.0,1,0,6.0,128.0,3,6.56,50.0,50.0,5000.0,2,858.0,81.0,4
6,4.1,1.0,1,0,12.0,256.0,3,6.67,108.0,16.0,5000.0,0,5448.0,346.0,12
73,4.4,1.0,1,0,8.0,256.0,3,6.67,50.0,16.0,5000.0,0,907.0,76.0,19
73,4.4,1.0,1,0,8.0,128.0,3,6.67,50.0,16.0,5000.0,0,907.0,76.0,19
73,4.4,1.0,1,0,8.0,128.0,3,6.67,50.0,16.0,5000.0,0,907.0,76.0,19
73,4.4,1.0,1,0,8.0,128.0,3,6.67,50.0,16.0,5000.0,0,907.0,76.0,19
32,4.3,1.0,1,0,12.0,256.0,0,6.67,200.0,16.0,5100.0,3,7452.0,556.0,12
73,4.4,1.0,1,0,12.0,256.0,3,6.67,50.0,16.0,5000.0,0,244.0,23.0,19
32,4.3,1.0,1,0,8.0,256.0,0,6.67,200.0,16.0,5100.0,3,28968.0,2342.0,12
73,4.3,1.0,1,0,8.0,128.0,3,6.67,50.0,16.0,5000.0,0,1208.0,150.0,19
35,4.6,1.0,1,0,12.0,256.0,9,6.8,200.0,12.0,5000.0,3,2388.0,270.0,14
104,4.2,1.0,1,0,6.0,128.0,6,6.67,50.0,5.0,5100.0,0,370.0,20.0,10
82,4.1,1.0,1,0,8.0,256.0,3,6.7,50.0,13.0,5000.0,0,210.0,15.0,14
73,4.2,1.0,1,0,8.0,128.0,3,6.72,50.0,16.0,5000.0,0,590.0,31.0,19
3,4.2,1.0,1,0,8.0,256.0,3,6.78,108.0,32.0,5000.0,0,30454.0,1986.0,3
73,4.2,1.0,1,0,8.0,128.0,3,6.72,50.0,16.0,5000.0,0,590.0,31.0,19
100,4.3,1.0,1,0,6.0,128.0,0,6.5,50.0,50.0,6000.0,2,2438.0,114.0,14
100,4.2,1.0,1,0,8.0,128.0,0,6.5,50.0,50.0,6000.0,2,39.0,2.0,14
100,4.3,1.0,1,0,6.0,128.0,0,6.5,50.0,50.0,6000.0,2,2438.0,114.0,14
32,4.2,1.0,1,0,12.0,256.0,0,6.67,200.0,16.0,5000.0,0,9087.0,833.0,12
64,4.3,1.0,1,0,12.0,256.0,3,6.6,50.0,32.0,5000.0,2,325.0,28.0,14
35,4.6,1.0,1,0,12.0,256.0,9,6.8,200.0,12.0,5000.0,3,2388.0,270.0,14
76,4.1,1.0,1,0,4.0,128.0,3,6.72,50.0,8.0,5000.0,0,13356.0,852.0,19
120,4.3,1.0,1,0,8.0,256.0,0,6.67,64.0,16.0,5100.0,3,25790.0,2507.0,11
73,4.2,1.0,1,0,8.0,128.0,3,6.72,50.0,16.0,5000.0,0,590.0,31.0,19
73,4.1,1.0,1,0,12.0,256.0,3,6.67,50.0,16.0,5000.0,0,94.0,6.0,19
35,4.6,1.0,1,0,12.0,256.0,9,6.8,200.0,12.0,5000.0,3,2388.0,270.0,14
32,4.3,1.0,1,0,12.0,256.0,0,6.67,200.0,16.0,5100.0,3,7452.0,556.0,12
64,4.3,1.0,1,0,12.0,256.0,3,6.6,50.0,32.0,5000.0,2,325.0,28.0,14
32,4.3,1.0,1,0,12.0,256.0,0,6.67,200.0,16.0,5100.0,3,7452.0,556.0,12
88,4.3,1.0,1,0,12.0,512.0,3,6.7,50.0,32.0,5200.0,3,451.0,31.0,19
89,3.9,1.0,1,0,12.0,256.0,3,6.7,50.0,50.0,5000.0,3,342.0,35.0,14
100,4.2,1.0,0,0,4.0,64.0,0,6.6,50.0,50.0,6000.0,2,5547.0,304.0,14
32,4.3,1.0,1,0,8.0,128.0,0,6.67,200.0,16.0,5100.0,3,28968.0,2342.0,12
131,4.2,1.0,0,0,4.0,128.0,6,6.71,8.0,5.0,5000.0,1,1566.0,62.0,12
90,4.3,1.0,0,0,4.0,128.0,3,6.79,50.0,8.0,5000.0,1,108159.0,5605.0,12
32,4.2,1.0,1,0,12.0,256.0,0,6.67,200.0,16.0,5000.0,0,9087.0,833.0,12
76,4.3,1.0,0,0,8.0,128.0,2,6.43,50.0,8.0,5000.0,2,1048.0,66.0,10
113,4.4,1.0,1,0,8.0,256.0,2,6.67,64.0,16.0,4800.0,3,3083.0,212.0,20
7,4.4,1.0,0,0,6.0,128.0,5,6.74,108.0,8.0,5000.0,4,133364.0,5947.0,19
100,4.3,1.0,1,0,6.0,128.0,0,6.5,50.0,50.0,6000.0,2,2438.0,114.0,14
64,4.3,1.0,1,0,12.0,256.0,3,6.6,50.0,32.0,5000.0,2,325.0,28.0,14
115,4.3,1.0,0,0,8.0,256.0,3,6.7,64.0,8.0,5000.0,0,3286.0,167.0,10
45,4.1,1.0,1,0,8.0,256.0,2,6.67,48.0,13.0,5000.0,3,5821.0,431.0,12
88,4.4,1.0,1,0,8.0,128.0,3,6.7,50.0,32.0,5200.0,3,4598.0,322.0,19
90,4.3,1.0,0,0,4.0,128.0,3,6.79,50.0,8.0,5000.0,1,108159.0,5605.0,12
120,4.2,1.0,1,0,8.0,256.0,3,6.6,64.0,16.0,5080.0,0,3822.0,370.0,12
103,4.3,1.0,0,0,12.0,512.0,0,6.55,50.0,32.0,4700.0,3,464.0,45.0,17
103,4.3,1.0,0,0,12.0,512.0,0,6.55,50.0,32.0,4700.0,3,464.0,45.0,17
104,4.2,1.0,1,0,4.0,128.0,6,6.74,50.0,5.0,5000.0,0,107191.0,5189.0,11
97,4.2,1.0,0,0,6.0,128.0,6,6.74,50.0,8.0,5000.0,1,27504.0,1323.0,11
62,4.6,1.0,0,0,12.0,512.0,0,6.2,50.0,50.0,4400.0,3,436.0,23.0,14
32,4.3,1.0,1,0,8.0,256.0,0,6.67,200.0,16.0,5100.0,3,28968.0,2342.0,12
76,4.4,1.0,0,0,4.0,64.0,6,6.74,50.0,8.0,5000.0,1,273.0,15.0,14
105,4.3,1.0,0,0,4.0,128.0,6,6.74,50.0,8.0,5000.0,1,73901.0,3220.0,12
7,4.4,1.0,0,0,6.0,128.0,5,6.74,108.0,8.0,5000.0,4,133364.0,5947.0,19
73,4.2,1.0,1,0,8.0,256.0,3,6.72,50.0,16.0,5000.0,0,590.0,31.0,19
104,4.2,1.0,1,0,4.0,128.0,6,6.74,50.0,5.0,5000.0,0,107191.0,5189.0,11
75,4.3,1.0,0,0,4.0,128.0,5,6.56,50.0,5.0,5000.0,1,1796.0,71.0,10
6,4.2,1.0,1,0,12.0,256.0,3,6.67,108.0,16.0,5000.0,0,13303.0,976.0,11
45,4.2,1.0,1,0,6.0,128.0,2,6.67,48.0,13.0,5000.0,3,15613.0,1076.0,12
106,4.1,1.0,0,0,4.0,128.0,6,6.6,5.0,5.0,6000.0,2,802.0,54.0,18
57,4.2,1.0,1,0,8.0,256.0,3,6.78,50.0,16.0,5000.0,0,3003.0,170.0,16
88,4.4,1.0,1,0,8.0,256.0,3,6.7,50.0,32.0,5200.0,3,4598.0,322.0,19
99,4.2,1.0,0,0,6.0,128.0,6,6.71,50.0,5.0,5000.0,1,144785.0,8386.0,11
76,4.2,1.0,1,0,6.0,128.0,3,6.79,50.0,8.0,5000.0,3,60193.0,2893.0,12
129,4.0,1.0,0,0,4.0,64.0,6,6.52,8.0,5.0,5000.0,1,232769.0,12393.0,11
88,4.4,1.0,1,0,8.0,256.0,3,6.7,50.0,32.0,5200.0,3,4598.0,322.0,19
88,4.4,1.0,1,0,8.0,256.0,3,6.7,50.0,32.0,5200.0,3,4598.0,322.0,19
76,4.2,1.0,1,0,6.0,128.0,6,6.6,50.0,8.0,5000.0,0,62.0,7.0,18
80,4.6,1.0,1,0,8.0,512.0,3,6.9,50.0,50.0,4720.0,0,81.0,31.0,3
76,4.2,1.0,1,0,6.0,128.0,6,6.6,50.0,8.0,5000.0,0,62.0,7.0,18
80,4.6,1.0,1,0,8.0,512.0,3,6.9,50.0,50.0,4720.0,0,81.0,31.0,3
103,4.3,1.0,0,0,8.0,256.0,0,6.55,50.0,32.0,4700.0,3,1102.0,145.0,17
123,4.2,1.0,0,0,8.0,128.0,3,6.55,64.0,16.0,4250.0,3,6404.0,639.0,6
64,4.3,1.0,1,0,8.0,256.0,3,6.6,50.0,32.0,5000.0,2,584.0,57.0,14
88,4.3,1.0,1,0,12.0,512.0,3,6.7,50.0,32.0,5200.0,3,451.0,31.0,19
88,4.3,1.0,1,0,12.0,512.0,3,6.7,50.0,32.0,5200.0,3,451.0,31.0,19
88,4.4,1.0,1,0,8.0,128.0,3,6.7,50.0,32.0,5200.0,3,4598.0,322.0,19
32,4.2,1.0,1,0,12.0,256.0,0,6.67,200.0,16.0,5000.0,0,9087.0,833.0,12
97,4.2,1.0,0,0,8.0,256.0,6,6.74,50.0,8.0,5000.0,1,12257.0,685.0,11
84,4.1,1.0,1,0,6.0,128.0,3,6.6,50.0,8.0,5000.0,3,2852.0,185.0,14
52,4.2,1.0,0,0,4.0,128.0,5,6.67,48.0,8.0,5000.0,2,104.0,7.0,16
76,4.2,1.0,1,0,6.0,128.0,3,6.79,50.0,8.0,5000.0,3,60193.0,2893.0,12
131,4.2,1.0,0,0,4.0,64.0,6,6.5,8.0,5.0,5000.0,4,7987.0,421.0,19
75,4.3,1.0,0,0,4.0,64.0,6,6.7,50.0,5.0,6000.0,3,259418.0,15129.0,12
76,4.4,1.0,1,0,4.0,128.0,3,6.72,50.0,8.0,5000.0,0,7687.0,526.0,19
75,3.8,1.0,0,0,4.0,64.0,6,6.5,50.0,5.0,5000.0,1,138.0,6.0,14
76,4.3,1.0,1,0,4.0,128.0,3,6.79,50.0,8.0,5000.0,3,12378.0,575.0,12
97,4.2,1.0,0,0,8.0,256.0,6,6.74,50.0,8.0,5000.0,1,12257.0,685.0,11
84,4.1,1.0,1,0,6.0,128.0,3,6.6,50.0,8.0,5000.0,3,2852.0,185.0,14
75,4.3,1.0,0,0,4.0,64.0,6,6.7,50.0,5.0,6000.0,3,259418.0,15129.0,12
81,4.2,1.0,0,0,6.0,128.0,3,6.6,50.0,8.0,5000.0,2,544.0,27.0,14
122,4.3,1.0,1,0,8.0,128.0,3,6.7,64.0,32.0,5000.0,0,6075.0,455.0,10
53,4.4,1.0,0,0,12.0,512.0,3,6.7,50.0,32.0,4700.0,3,19770.0,2247.0,9
115,4.3,1.0,0,0,6.0,64.0,3,6.72,64.0,8.0,5000.0,1,19734.0,1214.0,19
131,4.1,1.0,1,0,4.0,128.0,6,6.67,8.0,5.0,5100.0,0,1059.0,42.0,10
25,4.3,1.0,1,0,6.0,128.0,6,6.56,13.0,8.0,5000.0,0,2539.0,132.0,10
32,4.2,1.0,1,0,12.0,512.0,0,6.67,200.0,16.0,5000.0,0,9087.0,833.0,12
39,4.1,1.0,0,0,4.0,64.0,3,6.67,48.0,16.0,5000.0,1,50209.0,8258.0,7
11,4.3,1.0,1,0,8.0,128.0,3,6.56,108.0,50.0,4300.0,0,4195.0,419.0,20
53,4.4,1.0,0,0,12.0,256.0,3,6.7,50.0,32.0,4700.0,3,19770.0,2247.0,9
10,4.4,1.0,1,0,6.0,128.0,3,6.7,108.0,16.0,5000.0,0,35242.0,2931.0,19
63,4.2,1.0,1,0,12.0,256.0,7,7.6,50.0,10.0,4400.0,3,71.0,5.0,14
12,4.3,1.0,1,0,8.0,128.0,3,6.4,12.0,32.0,4500.0,2,149799.0,14013.0,15
76,4.2,1.0,1,0,8.0,256.0,3,6.79,50.0,8.0,5000.0,3,36333.0,2111.0,12
7,4.4,1.0,0,0,6.0,128.0,5,6.74,108.0,8.0,5000.0,4,133364.0,5947.0,19
90,4.2,1.0,0,0,6.0,128.0,3,6.79,50.0,8.0,5000.0,1,69914.0,4218.0,12
63,4.4,1.0,1,0,8.0,128.0,3,6.1,50.0,10.0,3700.0,3,20544.0,1669.0,14
123,4.2,1.0,0,0,6.0,128.0,3,6.55,64.0,16.0,4250.0,3,13251.0,1421.0,6
39,4.1,1.0,0,0,4.0,64.0,3,6.67,48.0,16.0,5000.0,1,50209.0,8258.0,7
103,4.3,1.0,0,0,8.0,256.0,0,6.55,50.0,32.0,4700.0,3,1102.0,145.0,17
53,4.4,1.0,0,0,12.0,512.0,3,6.7,50.0,32.0,4700.0,3,19770.0,2247.0,9
70,4.5,1.0,0,0,6.0,128.0,3,6.6,50.0,16.0,5000.0,3,27693.0,1588.0,19
6,4.2,1.0,1,0,8.0,256.0,3,6.67,108.0,16.0,5000.0,0,11493.0,679.0,12
86,4.3,1.0,1,0,8.0,128.0,3,6.5,50.0,13.0,5000.0,2,150.0,7.0,14
131,4.2,1.0,0,0,4.0,64.0,6,6.5,8.0,5.0,5000.0,4,7987.0,421.0,19
100,4.1,1.0,1,0,12.0,256.0,0,6.7,50.0,50.0,5000.0,2,27.0,3.0,14
56,4.3,1.0,1,0,12.0,512.0,0,6.67,50.0,20.0,5000.0,3,4883.0,482.0,11
69,4.2,1.0,0,0,6.0,128.0,3,6.72,50.0,13.0,5000.0,2,142.0,8.0,14
104,4.2,1.0,1,0,4.0,128.0,6,6.74,50.0,5.0,5000.0,0,107191.0,5189.0,11
52,4.2,1.0,0,0,4.0,128.0,5,6.67,48.0,8.0,5000.0,2,104.0,7.0,16
11,4.2,1.0,1,0,12.0,256.0,3,6.56,108.0,50.0,4300.0,0,1784.0,202.0,20
5,4.2,1.0,1,0,8.0,128.0,3,6.79,108.0,13.0,5030.0,3,3405.0,175.0,12
76,4.2,1.0,1,0,6.0,128.0,3,6.58,50.0,8.0,5000.0,0,56314.0,3818.0,11
76,4.1,1.0,0,0,4.0,64.0,6,6.7,50.0,8.0,5000.0,1,17.0,3.0,14
76,4.2,1.0,1,0,6.0,128.0,3,6.79,50.0,8.0,5000.0,3,60193.0,2893.0,12
86,4.3,1.0,1,0,8.0,256.0,3,6.5,50.0,13.0,5000.0,2,150.0,7.0,14
105,3.6,1.0,1,0,4.0,128.0,6,6.67,50.0,8.0,5000.0,0,5.0,0.0,18
87,4.3,1.0,1,0,8.0,256.0,3,6.67,50.0,16.0,5000.0,0,18708.0,1691.0,19
76,4.2,1.0,1,0,6.0,128.0,3,6.79,50.0,8.0,5000.0,3,60193.0,2893.0,12
123,4.2,1.0,0,0,6.0,128.0,3,6.55,64.0,16.0,4250.0,3,13251.0,1421.0,6
66,4.4,1.0,1,0,12.0,512.0,3,6.7,50.0,10.0,4000.0,3,89.0,11.0,14
105,4.2,1.0,0,0,6.0,128.0,6,6.74,50.0,8.0,5000.0,1,22283.0,925.0,12
125,3.8,1.0,0,0,8.0,128.0,0,6.67,64.0,64.0,5000.0,2,20.0,3.0,4
11,4.2,1.0,1,0,12.0,256.0,3,6.56,108.0,50.0,4300.0,0,1784.0,202.0,20
10,4.4,1.0,1,0,6.0,128.0,3,6.7,108.0,16.0,5000.0,0,35242.0,2931.0,19
71,4.3,1.0,0,0,6.0,128.0,3,6.58,50.0,8.0,5000.0,1,19138.0,997.0,12
115,4.3,1.0,1,0,8.0,128.0,3,6.72,64.0,8.0,5000.0,0,19559.0,1248.0,19
75,4.3,1.0,0,0,4.0,64.0,6,6.7,50.0,5.0,6000.0,3,259418.0,15129.0,12
131,4.2,1.0,0,0,2.0,32.0,6,6.5,8.0,5.0,5000.0,4,112608.0,5736.0,19
10,4.4,1.0,1,0,6.0,128.0,3,6.7,108.0,16.0,5000.0,0,35242.0,2931.0,19
69,4.2,1.0,0,0,6.0,128.0,3,6.7,50.0,13.0,5000.0,3,142.0,8.0,14
100,4.2,1.0,1,0,4.0,64.0,3,6.56,50.0,50.0,5000.0,2,267.0,25.0,4
70,4.5,1.0,0,0,4.0,64.0,3,6.6,50.0,16.0,5000.0,3,134737.0,7689.0,19
99,4.2,1.0,0,0,4.0,64.0,6,6.71,50.0,5.0,5000.0,1,129719.0,7590.0,11
38,4.4,1.0,1,0,6.0,128.0,3,6.5,48.0,16.0,5000.0,0,53058.0,3237.0,19
76,4.1,1.0,0,0,4.0,128.0,6,6.7,50.0,8.0,5000.0,1,17.0,3.0,14
90,4.3,1.0,0,0,4.0,128.0,3,6.79,50.0,8.0,5000.0,1,108159.0,5605.0,12
131,4.2,1.0,0,0,2.0,32.0,6,6.5,8.0,5.0,5000.0,4,112608.0,5736.0,19
11,4.2,1.0,1,0,12.0,256.0,3,6.56,108.0,50.0,4300.0,0,1784.0,202.0,20
104,4.2,1.0,1,0,4.0,128.0,6,6.74,50.0,5.0,5000.0,0,107191.0,5189.0,11
75,4.2,1.0,0,0,6.0,128.0,6,6.7,50.0,5.0,6000.0,3,49203.0,3083.0,12
76,4.1,1.0,0,0,4.0,64.0,6,6.7,50.0,8.0,5000.0,1,17.0,3.0,14
87,4.3,1.0,1,0,8.0,256.0,3,6.67,50.0,16.0,5000.0,0,18708.0,1691.0,19
86,4.2,1.0,0,0,6.0,64.0,4,6.67,50.0,13.0,5000.0,2,34297.0,2659.0,12
131,4.2,1.0,0,0,2.0,32.0,6,6.5,8.0,5.0,5000.0,4,112608.0,5736.0,19
12,4.3,1.0,1,0,8.0,128.0,3,6.4,12.0,32.0,4500.0,2,149799.0,14013.0,14
68,4.3,1.0,0,0,6.0,128.0,3,6.6,50.0,8.0,5000.0,4,17913.0,1001.0,19
38,4.5,1.0,1,0,4.0,64.0,3,6.5,48.0,16.0,5000.0,0,43437.0,2377.0,19
115,4.3,1.0,1,0,8.0,128.0,3,6.72,64.0,8.0,5000.0,0,19559.0,1248.0,19
76,4.2,1.0,1,0,8.0,256.0,3,6.79,50.0,8.0,5000.0,3,36333.0,2111.0,12
68,4.4,1.0,0,0,4.0,64.0,3,6.6,50.0,8.0,5000.0,4,199027.0,10502.0,19
68,4.4,1.0,0,0,4.0,128.0,3,6.6,50.0,8.0,5000.0,4,199027.0,10502.0,19
6,4.1,1.0,1,0,12.0,256.0,3,6.67,108.0,16.0,5000.0,0,5448.0,346.0,12
75,4.3,1.0,0,0,4.0,64.0,6,6.7,50.0,5.0,6000.0,3,259418.0,15129.0,12
40,4.3,1.0,0,0,4.0,64.0,6,6.515,48.0,8.0,6000.0,2,302473.0,23334.0,14
115,4.4,1.0,1,0,6.0,128.0,3,6.72,64.0,8.0,5000.0,0,137559.0,8428.0,19
73,4.3,1.0,0,0,8.0,128.0,3,6.4,50.0,16.0,5000.0,1,12759.0,865.0,19
100,4.2,1.0,1,0,6.0,128.0,3,6.56,50.0,50.0,5000.0,2,858.0,81.0,4
68,4.4,1.0,0,0,4.0,64.0,3,6.6,50.0,8.0,5000.0,4,199027.0,10502.0,19
7,4.3,1.0,1,0,8.0,128.0,3,6.72,108.0,8.0,5000.0,0,2335.0,123.0,19
7,4.4,1.0,1,0,6.0,128.0,3,6.72,108.0,8.0,5000.0,0,7757.0,507.0,19
125,3.7,1.0,0,0,4.0,128.0,0,6.67,64.0,64.0,5000.0,2,20.0,3.0,4
55,4.2,1.0,1,0,6.0,128.0,3,6.5,50.0,13.0,6000.0,2,46110.0,3508.0,14
104,4.2,1.0,0,0,4.0,128.0,6,6.71,50.0,5.0,5000.0,1,27465.0,1450.0,12
24,4.1,1.0,0,0,3.0,64.0,6,6.5,13.0,5.0,5000.0,1,146.0,9.0,14
11,4.2,1.0,1,0,12.0,256.0,3,6.56,108.0,50.0,4300.0,0,1784.0,202.0,20
104,4.2,1.0,1,0,4.0,128.0,6,6.74,50.0,5.0,5000.0,0,107191.0,5189.0,11
87,4.3,1.0,0,0,8.0,128.0,2,6.62,50.0,16.0,5000.0,3,21589.0,2319.0,19
26,4.3,1.0,0,0,3.0,32.0,6,6.52,13.0,8.0,6000.0,3,4832.0,304.0,19
55,4.2,1.0,1,0,6.0,128.0,3,6.5,50.0,13.0,6000.0,2,46110.0,3508.0,14
131,4.1,1.0,0,0,2.0,32.0,6,6.52,8.0,5.0,5000.0,1,17375.0,872.0,12
19,4.3,1.0,0,0,4.0,64.0,6,6.56,13.0,8.0,5000.0,4,1487.0,65.0,16
108,4.1,1.0,0,0,8.0,256.0,3,6.5,64.0,32.0,5000.0,2,1916.0,186.0,14
116,4.1,1.0,1,0,8.0,128.0,3,6.6,64.0,8.0,5000.0,0,6490.0,600.0,14
131,4.2,1.0,0,0,2.0,32.0,6,6.5,8.0,5.0,5000.0,4,112608.0,5736.0,19
6,4.2,1.0,1,0,12.0,256.0,3,6.67,108.0,16.0,5000.0,0,13303.0,976.0,11
6,4.2,1.0,1,0,6.0,128.0,3,6.67,108.0,16.0,5000.0,0,24289.0,1421.0,12
86,4.2,1.0,0,0,6.0,64.0,4,6.67,50.0,13.0,5000.0,2,34297.0,2659.0,12
30,3.9,1.0,0,0,3.0,64.0,6,6.5,13.0,8.0,5000.0,1,1725.0,367.0,4
38,4.5,1.0,1,0,4.0,64.0,3,6.5,48.0,16.0,5000.0,0,43437.0,2377.0,19
83,4.3,1.0,0,0,4.0,128.0,3,6.6,50.0,8.0,6000.0,2,208646.0,11740.0,14
20,4.5,1.0,0,0,3.0,32.0,5,6.52,13.0,5.0,5000.0,4,49860.0,1899.0,19
20,4.5,1.0,0,0,3.0,32.0,5,6.52,13.0,5.0,5000.0,4,49860.0,1899.0,19
7,4.4,1.0,1,0,6.0,128.0,3,6.72,108.0,8.0,5000.0,0,7757.0,507.0,19
76,4.3,1.0,1,0,4.0,128.0,3,6.79,50.0,8.0,5000.0,3,12378.0,575.0,12
87,4.3,1.0,0,0,8.0,128.0,2,6.62,50.0,16.0,5000.0,3,21589.0,2319.0,19
108,4.0,1.0,0,0,6.0,128.0,3,6.5,64.0,32.0,5000.0,2,897.0,90.0,14
20,4.4,1.0,0,0,4.0,64.0,5,6.52,13.0,5.0,5000.0,4,67744.0,3017.0,19
32,4.3,1.0,1,0,8.0,128.0,0,6.67,200.0,16.0,5100.0,3,28968.0,2342.0,12
30,3.9,1.0,0,0,3.0,64.0,6,6.5,13.0,8.0,5000.0,1,1725.0,367.0,4
90,4.2,1.0,1,0,4.0,128.0,3,6.6,50.0,8.0,5000.0,3,49050.0,3580.0,14
87,4.2,1.0,0,0,8.0,256.0,3,6.7,50.0,16.0,5000.0,0,1766.0,227.0,19
20,4.4,1.0,0,0,4.0,64.0,5,6.52,13.0,5.0,5000.0,4,67744.0,3017.0,19
73,4.2,1.0,0,0,4.0,64.0,3,6.4,50.0,16.0,5000.0,1,27274.0,2222.0,19
125,3.8,1.0,0,0,8.0,128.0,0,6.67,64.0,64.0,5000.0,2,20.0,3.0,4
131,4.1,1.0,0,0,3.0,32.0,6,6.5,8.0,5.0,5000.0,4,73486.0,4189.0,19
131,4.1,1.0,0,0,3.0,32.0,6,6.5,8.0,5.0,5000.0,4,73486.0,4189.0,19
131,4.1,1.0,0,0,3.0,32.0,6,6.5,8.0,5.0,5000.0,4,73486.0,4189.0,19
131,4.1,1.0,0,0,3.0,32.0,6,6.5,8.0,5.0,5000.0,4,73486.0,4189.0,19
126,4.3,1.0,0,0,4.0,128.0,6,6.56,8.0,5.0,5000.0,1,1664.0,77.0,10
84,3.9,1.0,0,0,4.0,64.0,6,6.7,50.0,8.0,5000.0,1,376.0,11.0,14
38,4.5,1.0,1,0,4.0,64.0,3,6.5,48.0,16.0,5000.0,0,43437.0,2377.0,19
32,4.3,1.0,1,0,12.0,256.0,0,6.67,200.0,16.0,5100.0,3,7452.0,556.0,12
131,4.0,1.0,0,0,4.0,128.0,6,6.71,8.0,5.0,5000.0,2,165.0,8.0,12
84,4.0,1.0,1,0,8.0,128.0,3,6.6,50.0,8.0,5000.0,3,1340.0,70.0,14
85,4.2,1.0,0,0,6.0,128.0,1,6.5,50.0,8.0,6000.0,1,15635.0,974.0,12
77,4.3,1.0,1,0,12.0,256.0,3,6.7,50.0,32.0,4600.0,2,11166.0,1188.0,10
85,4.2,1.0,0,0,6.0,128.0,1,6.5,50.0,8.0,6000.0,1,15635.0,974.0,12
113,4.4,1.0,1,0,8.0,256.0,2,6.67,64.0,16.0,4800.0,3,3083.0,212.0,20
6,4.2,1.0,1,0,8.0,256.0,3,6.67,108.0,16.0,5000.0,0,11493.0,679.0,12
61,4.5,1.0,1,0,8.0,256.0,3,6.2,50.0,12.0,4000.0,2,1420.0,157.0,14
76,4.3,1.0,1,0,4.0,128.0,3,6.79,50.0,8.0,5000.0,3,84415.0,5506.0,11
13,4.4,1.0,0,0,8.0,512.0,0,6.7,12.0,10.0,3700.0,3,741.0,45.0,14
27,3.9,1.0,0,0,12.0,256.0,0,6.6,13.0,13.0,5000.0,2,390.0,19.0,18
84,4.0,1.0,1,0,8.0,128.0,3,6.6,50.0,8.0,5000.0,3,1340.0,70.0,14
2,4.2,1.0,1,0,8.0,256.0,3,6.78,108.0,50.0,5000.0,0,3927.0,540.0,3
43,4.3,1.0,0,0,6.0,128.0,6,6.4,48.0,13.0,6000.0,1,68212.0,6027.0,14
83,4.3,1.0,0,0,4.0,128.0,3,6.6,50.0,8.0,6000.0,2,208646.0,11740.0,14
28,4.1,1.0,0,0,4.0,128.0,6,6.5,13.0,5.0,5000.0,2,291.0,17.0,4
55,4.2,1.0,1,0,8.0,128.0,3,6.5,50.0,13.0,6000.0,2,15207.0,1131.0,14
100,4.2,2.0,1,0,4.0,64.0,6,6.6,50.0,50.0,5000.0,0,1089.0,75.0,18
131,4.1,1.0,0,0,3.0,32.0,6,6.5,8.0,5.0,5000.0,4,73486.0,4189.0,19
114,4.2,1.0,0,0,8.0,256.0,3,6.67,64.0,32.0,5000.0,1,569.0,39.0,16
120,4.2,1.0,1,0,8.0,256.0,3,6.6,64.0,16.0,5080.0,0,3822.0,370.0,12
76,4.4,1.0,0,0,4.0,64.0,6,6.74,50.0,8.0,5000.0,1,273.0,15.0,14
103,4.3,1.0,0,0,8.0,256.0,0,6.55,50.0,32.0,4700.0,3,1102.0,145.0,17
104,4.2,1.0,1,0,8.0,256.0,6,6.74,50.0,5.0,5000.0,0,18745.0,1040.0,11
100,3.6,1.0,1,0,8.0,256.0,0,6.7,50.0,50.0,5000.0,2,148.0,8.0,14
100,4.2,2.0,1,0,4.0,64.0,6,6.6,50.0,50.0,5000.0,0,1089.0,75.0,18
73,4.3,1.0,0,0,8.0,128.0,3,6.4,50.0,16.0,5000.0,1,12759.0,865.0,19
27,3.9,1.0,0,0,12.0,256.0,0,6.6,13.0,13.0,5000.0,2,390.0,19.0,18
76,4.2,1.0,1,0,6.0,128.0,3,6.79,50.0,8.0,5000.0,3,136115.0,8577.0,11
121,4.3,2.0,1,0,12.0,256.0,3,6.67,64.0,20.0,4500.0,3,5748.0,740.0,11
75,3.8,1.0,0,0,4.0,64.0,6,6.5,50.0,5.0,5000.0,1,138.0,6.0,14
72,4.2,1.0,1,0,4.0,128.0,3,6.6,50.0,13.0,6000.0,2,47834.0,3097.0,14
74,4.2,1.0,1,0,8.0,128.0,3,6.67,50.0,32.0,5000.0,0,810.0,48.0,10
100,4.3,1.0,1,0,6.0,128.0,2,6.67,50.0,50.0,5000.0,2,1051.0,78.0,19
131,4.1,1.0,0,0,3.0,64.0,6,6.71,8.0,5.0,5000.0,1,2843.0,120.0,12
43,4.3,1.0,0,0,6.0,128.0,6,6.4,48.0,13.0,6000.0,1,68212.0,6027.0,14
75,4.3,1.0,0,0,4.0,128.0,5,6.56,50.0,5.0,5000.0,1,1796.0,71.0,10
76,4.3,1.0,1,0,8.0,128.0,6,6.56,50.0,8.0,5000.0,2,7658.0,472.0,10
105,4.2,1.0,1,0,4.0,64.0,6,6.6,50.0,8.0,5000.0,0,122.0,11.0,16
104,4.2,1.0,0,0,4.0,128.0,6,6.71,50.0,5.0,5000.0,1,27465.0,1450.0,12
32,4.3,1.0,1,0,8.0,256.0,0,6.67,200.0,16.0,5100.0,3,28968.0,2342.0,12
49,4.3,1.0,1,0,4.0,64.0,3,6.56,48.0,8.0,5000.0,0,46989.0,3257.0,12
121,4.3,2.0,1,0,12.0,256.0,3,6.67,64.0,20.0,4500.0,3,5748.0,740.0,11
76,4.3,1.0,1,0,8.0,128.0,6,6.56,50.0,8.0,5000.0,2,7658.0,472.0,10
6,4.2,1.0,1,0,8.0,256.0,3,6.67,108.0,16.0,5000.0,0,11493.0,679.0,12
127,4.1,1.0,1,0,4.0,64.0,6,6.67,8.0,5.0,5100.0,0,1059.0,42.0,10
61,4.5,1.0,1,0,8.0,128.0,3,6.2,50.0,12.0,4000.0,2,1420.0,157.0,14
104,4.2,1.0,0,0,4.0,64.0,6,6.71,50.0,5.0,5000.0,1,27465.0,1450.0,12
131,4.4,1.0,0,0,2.0,32.0,6,6.5,8.0,5.0,5000.0,4,7117.0,245.0,19
27,4.1,1.0,0,0,6.0,128.0,0,6.5,13.0,13.0,5000.0,2,302.0,16.0,4
12,4.3,1.0,1,0,8.0,256.0,3,6.4,12.0,32.0,4500.0,2,149799.0,14013.0,15
1,4.4,1.0,1,0,8.0,128.0,3,6.7,100.0,16.0,5000.0,0,94998.0,7128.0,19
1,4.4,1.0,1,0,8.0,128.0,3,6.7,100.0,16.0,5000.0,0,94998.0,7128.0,19
73,4.2,1.0,1,0,8.0,256.0,3,6.72,50.0,16.0,5000.0,0,590.0,31.0,19
123,4.2,1.0,0,0,8.0,128.0,3,6.55,64.0,16.0,4250.0,3,6404.0,639.0,6
100,4.3,1.0,1,0,6.0,128.0,2,6.67,50.0,50.0,5000.0,2,1051.0,78.0,19
122,4.4,1.0,0,0,8.0,256.0,3,6.43,64.0,32.0,4300.0,3,63789.0,6667.0,19
10,4.4,1.0,0,0,6.0,128.0,2,6.4,108.0,16.0,5000.0,3,67971.0,4684.0,19
120,4.4,1.0,0,0,8.0,128.0,3,6.62,64.0,16.0,5000.0,3,18458.0,2460.0,19
26,4.4,1.0,0,0,4.0,64.0,6,6.52,13.0,8.0,6000.0,3,67603.0,3474.0,19
26,4.3,1.0,0,0,3.0,32.0,6,6.52,13.0,8.0,6000.0,3,4832.0,304.0,19
1,4.4,1.0,1,0,8.0,256.0,3,6.7,100.0,16.0,5000.0,0,95020.0,7129.0,19
100,4.1,1.0,0,0,4.0,128.0,0,6.6,50.0,50.0,5000.0,2,1787.0,81.0,19
1,4.4,1.0,1,0,8.0,256.0,3,6.7,100.0,16.0,5000.0,0,95020.0,7129.0,19
1,4.3,1.0,1,0,12.0,256.0,3,6.7,100.0,16.0,5000.0,0,1932.0,171.0,19
1,4.3,1.0,1,0,12.0,256.0,3,6.7,100.0,16.0,5000.0,0,1932.0,171.0,19
87,4.4,1.0,1,0,8.0,128.0,2,6.4,50.0,16.0,4500.0,0,35960.0,3810.0,19
87,4.4,1.0,1,0,6.0,128.0,2,6.4,50.0,16.0,4500.0,0,32919.0,3864.0,19
87,4.4,1.0,1,0,6.0,128.0,2,6.4,50.0,16.0,4500.0,0,32919.0,3864.0,19
9,4.4,1.0,0,0,8.0,128.0,3,6.4,108.0,16.0,4500.0,3,40817.0,3347.0,19
14,4.5,1.0,0,0,4.0,64.0,6,6.52,12.0,5.0,5000.0,1,87930.0,5071.0,19
70,4.4,1.0,0,0,6.0,128.0,3,6.6,50.0,16.0,5000.0,1,70877.0,4842.0,19
16,4.4,1.0,0,0,4.0,64.0,6,6.52,12.0,5.0,5000.0,1,192897.0,13281.0,19
16,4.4,1.0,0,0,4.0,64.0,6,6.52,12.0,5.0,5000.0,1,192897.0,13281.0,19
87,4.4,1.0,1,0,8.0,256.0,2,6.4,50.0,16.0,4500.0,0,35960.0,3810.0,19
100,4.1,1.0,0,0,4.0,128.0,0,6.6,50.0,50.0,5000.0,2,1787.0,81.0,19
26,4.4,1.0,0,0,4.0,64.0,6,6.52,13.0,8.0,6000.0,1,125791.0,7112.0,19
26,4.4,1.0,0,0,4.0,64.0,6,6.52,13.0,8.0,6000.0,1,125791.0,7112.0,19
87,4.4,1.0,1,0,6.0,128.0,2,6.4,50.0,16.0,4500.0,0,32919.0,3864.0,19
23,4.4,1.0,0,0,4.0,64.0,6,6.22,13.0,13.0,4230.0,1,80223.0,6516.0,19
100,4.3,1.0,1,0,6.0,128.0,0,6.72,50.0,50.0,5000.0,0,9143.0,504.0,19
26,4.4,1.0,0,0,4.0,64.0,6,6.52,13.0,8.0,6000.0,1,125791.0,7112.0,19
87,4.4,1.0,1,0,6.0,128.0,2,6.4,50.0,16.0,4500.0,0,32919.0,3864.0,19
26,4.3,1.0,0,0,3.0,32.0,6,6.52,13.0,8.0,6000.0,1,56630.0,3793.0,19
105,4.1,1.0,0,0,4.0,64.0,3,6.6,50.0,8.0,5000.0,2,1787.0,81.0,19
122,4.4,1.0,0,0,8.0,256.0,3,6.43,64.0,32.0,4300.0,3,63789.0,6667.0,19
14,4.5,1.0,0,0,4.0,64.0,6,6.52,12.0,5.0,5000.0,1,87930.0,5071.0,19
112,4.4,1.0,1,0,6.0,128.0,3,6.5,64.0,16.0,5000.0,0,78244.0,6172.0,19
44,4.4,1.0,0,0,4.0,64.0,3,6.5,48.0,16.0,4300.0,1,60908.0,6253.0,19
60,4.4,1.0,0,0,4.0,64.0,6,6.5,50.0,5.0,5000.0,4,24499.0,881.0,19
1,4.4,1.0,1,0,8.0,256.0,3,6.7,100.0,16.0,5000.0,0,95020.0,7129.0,19
100,4.1,1.0,0,0,4.0,128.0,0,6.6,50.0,50.0,5000.0,2,1787.0,81.0,19
9,4.4,1.0,0,0,8.0,128.0,3,6.4,108.0,16.0,4500.0,3,40817.0,3347.0,19
44,4.4,1.0,0,0,6.0,64.0,3,6.5,48.0,16.0,4300.0,1,88342.0,7673.0,19
26,4.4,1.0,0,0,4.0,64.0,6,6.52,13.0,8.0,6000.0,1,125791.0,7112.0,19
117,4.3,1.0,0,0,8.0,128.0,3,6.5,64.0,16.0,5000.0,1,90739.0,8399.0,19
1,4.4,1.0,1,0,8.0,256.0,3,6.7,100.0,16.0,5000.0,0,95020.0,7129.0,19
117,4.3,1.0,0,0,8.0,128.0,3,6.5,64.0,16.0,5000.0,1,90739.0,8399.0,19
16,4.4,1.0,0,0,3.0,32.0,6,6.52,12.0,5.0,5000.0,1,147183.0,10699.0,19
117,4.4,1.0,0,0,6.0,64.0,3,6.5,64.0,16.0,5000.0,1,267455.0,25045.0,19
21,4.4,1.0,0,0,4.0,64.0,6,6.52,13.0,5.0,6000.0,1,11324.0,536.0,19
44,4.5,1.0,0,0,4.0,128.0,6,6.5,48.0,16.0,5000.0,1,182656.0,13311.0,19
25,4.5,1.0,0,0,3.0,32.0,6,6.2,13.0,8.0,4230.0,3,469235.0,48770.0,19
25,4.5,1.0,0,0,3.0,32.0,6,6.2,13.0,8.0,4230.0,3,469235.0,48770.0,19
23,4.5,1.0,0,0,3.0,32.0,6,6.22,13.0,13.0,4230.0,1,303863.0,26111.0,19
23,4.4,1.0,0,0,4.0,64.0,6,6.22,13.0,13.0,4230.0,1,80223.0,6516.0,19
119,4.5,1.0,0,0,8.0,128.0,3,6.4,64.0,32.0,4000.0,3,46267.0,5218.0,19
23,4.4,1.0,0,0,4.0,64.0,6,6.22,13.0,13.0,4230.0,1,80223.0,6516.0,19
47,4.3,1.0,0,0,4.0,64.0,6,6.52,48.0,8.0,6000.0,1,526955.0,38877.0,19
23,4.4,1.0,0,0,4.0,64.0,6,6.22,13.0,13.0,4230.0,1,172877.0,16347.0,19
23,4.5,1.0,0,0,3.0,32.0,6,6.22,13.0,13.0,4230.0,1,455729.0,43210.0,19
23,4.5,1.0,0,0,3.0,32.0,6,6.22,13.0,13.0,4230.0,1,455729.0,43210.0,19
23,4.5,1.0,0,0,3.0,64.0,6,6.22,13.0,13.0,4230.0,1,455729.0,43210.0,19
7,4.4,1.0,0,0,6.0,64.0,5,6.74,108.0,8.0,5000.0,4,133417.0,5948.0,19
117,4.3,1.0,0,0,4.0,128.0,6,6.5,64.0,16.0,5000.0,3,313545.0,21759.0,19
119,4.5,1.0,0,0,8.0,128.0,3,6.4,64.0,32.0,4000.0,3,46267.0,5218.0,19
119,4.5,1.0,0,0,4.0,64.0,3,6.4,64.0,32.0,4000.0,3,36779.0,4293.0,19
117,4.3,1.0,0,0,4.0,128.0,6,6.5,64.0,16.0,5000.0,3,313545.0,21759.0,19
117,4.3,1.0,0,0,4.0,64.0,6,6.5,64.0,16.0,5000.0,3,313545.0,21759.0,19
120,4.3,1.0,0,0,8.0,256.0,2,6.62,64.0,16.0,5000.0,3,16084.0,1512.0,19
60,4.4,1.0,0,0,3.0,32.0,6,6.5,50.0,5.0,5000.0,4,27980.0,1061.0,19
71,4.4,1.0,1,0,4.0,64.0,3,6.6,50.0,8.0,5000.0,0,56591.0,2723.0,19
110,4.4,1.0,0,0,8.0,128.0,3,6.44,64.0,32.0,4200.0,3,8705.0,1228.0,19
117,4.4,1.0,0,0,6.0,128.0,3,6.4,64.0,16.0,5000.0,1,123152.0,9889.0,19
33,4.4,1.0,1,0,12.0,256.0,3,6.7,200.0,32.0,5000.0,0,19412.0,1786.0,19
120,4.3,1.0,1,0,8.0,128.0,3,6.6,64.0,16.0,5000.0,3,15646.0,1192.0,19
120,4.4,1.0,1,0,6.0,128.0,3,6.6,64.0,16.0,5000.0,3,87963.0,7017.0,19
120,4.3,1.0,0,0,8.0,256.0,2,6.62,64.0,16.0,5000.0,3,16084.0,1512.0,19
117,4.4,1.0,0,0,4.0,128.0,3,6.4,64.0,16.0,5000.0,1,126172.0,10805.0,19
120,4.3,1.0,1,0,8.0,128.0,3,6.6,64.0,16.0,5000.0,3,15646.0,1192.0,19
42,4.5,1.0,0,0,4.0,64.0,3,6.3,48.0,16.0,4035.0,3,146871.0,13960.0,19
42,4.5,1.0,0,0,8.0,128.0,3,6.3,48.0,16.0,4035.0,3,81752.0,7814.0,19
109,4.4,1.0,0,0,8.0,128.0,3,6.57,64.0,16.0,4200.0,3,15859.0,1757.0,19
44,4.4,1.0,0,0,6.0,64.0,3,6.5,48.0,16.0,4500.0,1,111541.0,8661.0,19
44,4.3,1.0,0,0,8.0,128.0,3,6.5,48.0,16.0,4500.0,1,51190.0,4060.0,19
44,4.3,1.0,0,0,8.0,128.0,3,6.5,48.0,16.0,4500.0,1,51190.0,4060.0,19
44,4.4,1.0,0,0,6.0,64.0,3,6.5,48.0,16.0,4500.0,1,111541.0,8661.0,19
9,4.4,1.0,0,0,6.0,128.0,3,6.4,108.0,16.0,4500.0,3,69365.0,6274.0,19
9,4.4,1.0,0,0,8.0,128.0,3,6.4,108.0,16.0,4500.0,3,40817.0,3347.0,19
9,4.4,1.0,0,0,6.0,128.0,3,6.4,108.0,16.0,4500.0,3,69365.0,6274.0,19
117,4.4,1.0,0,0,6.0,64.0,3,6.5,64.0,16.0,4300.0,1,192382.0,17282.0,19
131,4.2,1.0,0,0,4.0,64.0,6,6.5,8.0,5.0,5000.0,4,7991.0,421.0,19
117,4.4,1.0,0,0,6.0,64.0,3,6.5,64.0,16.0,4300.0,1,192382.0,17282.0,19
15,4.3,1.0,0,0,3.0,32.0,6,6.5,12.0,8.0,5000.0,3,80724.0,6029.0,19
71,4.5,1.0,0,0,4.0,128.0,6,6.5,50.0,8.0,5000.0,4,47926.0,2223.0,19
15,4.3,1.0,0,0,3.0,32.0,6,6.5,12.0,8.0,5000.0,3,80724.0,6029.0,19
119,4.4,1.0,0,0,6.0,128.0,3,6.4,64.0,32.0,4500.0,3,95895.0,9523.0,19
15,4.4,1.0,0,0,4.0,64.0,6,6.5,12.0,8.0,5000.0,3,216918.0,13078.0,19
42,4.5,1.0,0,0,8.0,128.0,3,6.3,48.0,16.0,4035.0,3,81752.0,7814.0,19
25,3.6,1.0,0,0,4.0,64.0,6,6.51,13.0,8.0,6000.0,1,7.0,2.0,19
50,4.4,1.0,1,0,8.0,128.0,0,6.6,48.0,48.0,5000.0,2,55550.0,5410.0,19
119,4.4,1.0,0,0,8.0,128.0,3,6.4,64.0,32.0,4500.0,3,61232.0,6493.0,19
109,4.1,1.0,0,0,6.0,64.0,3,6.6,64.0,16.0,4300.0,2,468.0,18.0,19
130,4.4,1.0,0,0,3.0,32.0,0,6.5,8.0,8.0,5000.0,4,7117.0,245.0,19
131,4.3,1.0,0,0,2.0,32.0,6,6.5,8.0,5.0,5000.0,4,10411.0,939.0,19
38,4.5,1.0,1,0,4.0,64.0,3,6.5,48.0,16.0,5000.0,0,182656.0,13311.0,19
44,4.4,1.0,0,0,4.0,128.0,6,6.5,48.0,16.0,5000.0,1,917315.0,70655.0,19
24,4.1,1.0,0,0,2.0,16.0,6,6.1,13.0,5.0,4000.0,2,1245.0,60.0,19
131,4.4,1.0,0,0,4.0,64.0,0,6.5,8.0,5.0,5000.0,4,787.0,121.0,19
110,4.4,1.0,1,0,12.0,256.0,3,6.44,64.0,32.0,4200.0,3,34544.0,2971.0,19
24,4.4,1.0,0,0,3.0,32.0,6,6.2,13.0,5.0,4230.0,3,95895.0,9523.0,19
119,4.6,1.0,0,0,6.0,128.0,3,6.4,64.0,32.0,4500.0,3,7965.0,1198.0,19
111,4.4,1.0,0,0,12.0,256.0,3,6.5,64.0,16.0,4000.0,3,409122.0,42080.0,19
24,4.3,1.0,0,0,2.0,16.0,6,6.2,13.0,5.0,4230.0,3,13403.0,1831.0,19
120,4.1,1.0,0,0,12.0,256.0,3,6.43,64.0,16.0,4500.0,0,1245.0,60.0,19
131,4.4,1.0,0,0,4.0,64.0,0,6.5,8.0,5.0,5000.0,4,34778.0,4723.0,19
120,4.4,1.0,0,0,8.0,128.0,3,6.43,64.0,16.0,4500.0,0,34778.0,4723.0,19
120,4.5,1.0,0,0,8.0,128.0,3,6.43,64.0,16.0,4500.0,0,300999.0,25114.0,19
43,4.4,1.0,0,0,4.0,128.0,6,6.5,48.0,13.0,5000.0,3,34778.0,4723.0,19
120,4.4,1.0,0,0,8.0,128.0,3,6.43,64.0,16.0,4500.0,0,34544.0,2971.0,19
24,4.4,1.0,0,0,3.0,32.0,6,6.2,13.0,5.0,4230.0,3,34778.0,4723.0,19
120,4.3,1.0,0,0,8.0,128.0,3,6.43,64.0,16.0,4500.0,0,13403.0,1831.0,19
120,4.3,1.0,0,0,12.0,256.0,3,6.43,64.0,16.0,4500.0,0,13403.0,1831.0,19
120,4.4,1.0,0,0,12.0,256.0,3,6.43,64.0,16.0,4500.0,0,787.0,121.0,19
110,4.4,1.0,1,0,12.0,256.0,3,6.44,64.0,32.0,4200.0,3,192382.0,17282.0,19
117,4.5,1.0,0,0,6.0,128.0,3,6.5,64.0,16.0,4300.0,1,93433.0,9880.0,19
31,4.5,1.0,0,0,6.0,64.0,3,6.3,16.0,16.0,3500.0,3,93433.0,9880.0,19
31,4.5,1.0,0,0,6.0,64.0,3,6.3,16.0,16.0,3500.0,3,391559.0,43735.0,19
31,4.5,1.0,0,0,4.0,64.0,3,6.3,16.0,16.0,3500.0,3,391559.0,43735.0,19
31,4.1,1.0,0,0,4.0,64.0,3,6.3,16.0,16.0,3500.0,3,1787.0,81.0,19
100,4.4,1.0,0,0,4.0,128.0,0,6.6,50.0,50.0,5000.0,2,172877.0,16347.0,19
23,4.3,1.0,0,0,4.0,64.0,6,6.22,13.0,13.0,4230.0,1,255.0,15.0,19
50,4.4,1.0,1,0,4.0,128.0,0,6.6,48.0,48.0,5000.0,2,155.0,10.0,19
50,4.4,1.0,1,0,6.0,128.0,0,6.6,48.0,48.0,5000.0,2,155.0,10.0,19
50,4.3,1.0,1,0,6.0,128.0,0,6.6,48.0,48.0,5000.0,2,255.0,15.0,19
50,4.5,1.0,1,0,4.0,64.0,0,6.6,48.0,48.0,5000.0,2,455729.0,43210.0,19
23,4.5,1.0,0,0,3.0,32.0,6,6.22,13.0,13.0,4230.0,1,455729.0,43210.0,19
23,4.5,1.0,0,0,3.0,32.0,6,6.22,13.0,13.0,4230.0,1,455729.0,43210.0,19
23,4.5,1.0,0,0,3.0,64.0,6,6.22,13.0,13.0,4230.0,1,455729.0,43210.0,19
23,4.1,1.0,0,0,3.0,64.0,6,6.22,13.0,13.0,4230.0,1,73501.0,4190.0,19
131,4.2,1.0,0,0,3.0,32.0,6,6.5,8.0,5.0,5000.0,4,112633.0,5736.0,13
131,4.4,1.0,0,0,2.0,32.0,6,6.5,8.0,5.0,5000.0,4,145804.0,10326.0,13
24,4.3,1.0,0,0,3.0,32.0,6,6.1,13.0,5.0,4000.0,2,25387.0,2387.0,19
120,4.4,1.0,1,0,8.0,128.0,3,6.43,64.0,16.0,4310.0,0,145804.0,10326.0,19
24,4.3,1.0,0,0,3.0,32.0,6,6.1,13.0,5.0,4000.0,2,62112.0,6267.0,19
120,4.4,1.0,1,0,6.0,128.0,3,6.43,64.0,16.0,4310.0,0,34778.0,4723.0,19
120,4.1,1.0,0,0,8.0,128.0,3,6.43,64.0,16.0,4500.0,0,73501.0,4190.0,19
131,4.4,1.0,0,0,3.0,32.0,6,6.5,8.0,5.0,5000.0,4,145804.0,10326.0,13
24,4.5,1.0,0,0,3.0,32.0,6,6.1,13.0,5.0,4000.0,2,111717.0,12349.0,19
50,4.1,1.0,1,0,4.0,128.0,0,6.6,48.0,48.0,5000.0,2,1787.0,81.0,19
105,4.1,1.0,0,0,4.0,64.0,3,6.6,50.0,8.0,5000.0,2,468.0,18.0,19
130,4.5,1.0,0,0,3.0,32.0,0,6.5,8.0,8.0,5000.0,2,1130.0,170.0,19
111,4.5,1.0,0,0,6.0,64.0,3,6.5,64.0,16.0,4000.0,3,20814.0,3230.0,19
111,4.4,1.0,0,0,8.0,128.0,3,6.5,64.0,16.0,4000.0,3,111541.0,8661.0,19
44,4.4,1.0,0,0,6.0,64.0,3,6.5,48.0,16.0,4500.0,1,5349.0,719.0,19
120,4.4,1.0,0,0,12.0,256.0,3,6.62,64.0,16.0,5000.0,3,18458.0,2460.0,19
120,4.3,1.0,0,0,8.0,128.0,3,6.62,64.0,16.0,5000.0,3,560.0,41.0,19
119,4.4,1.0,0,0,6.0,128.0,3,6.4,64.0,32.0,4500.0,3,55550.0,5410.0,19
119,3.9,1.0,0,0,8.0,128.0,3,6.4,64.0,32.0,4500.0,3,16.0,2.0,19
